:020000040800F2
:1000000030330024E102000839750008D17000087F
:10001000317500083904000801B70008000000002D
:10002000000000000000000000000000817F0008C8
:10003000210600080000000051750008897F0008B3
:10004000FB020008FB020008FB020008FB0200089C
:10005000FB020008FB020008FB020008FB0200088C
:10006000FB020008FB020008FB020008E90400088C
:10007000FB020008FB020008FB020008FB0200086C
:10008000FB020008FB020008FB0200083106000822
:10009000510600084106000861060008FB0200083E
:1000A000FB020008FB020008FB020008FB0200083C
:1000B000FB0200080981000819810008FB02000802
:1000C000FB020008FB020008FB020008FB0200081C
:1000D000FB020008FB020008FB020008FB0200080C
:1000E000FB020008FB02000800000000FB02000801
:1000F000FB020008FB020008FB020008FB020008EC
:10010000FB020008FB020008FB020008FB020008DB
:10011000FB020008FB020008FB020008FB020008CB
:10012000FB020008FB020008FB020008FB020008BB
:10013000FB020008FB020008FB0200087106000831
:1001400000000000000000000000000000000000AF
:10015000FB020008FB020008FB020008FB0200088B
:10016000FB020008FB020008FB020008FB0200087B
:10017000FB02000841750008FB02000800000000B7
:10018000FB020008FB020008A1820008FB02000835
:10019000FB020008FB020008FB020008FB0200084B
:1001A000FB020008FB020008FB0200080000000040
:1001B000FB020008FB020008FB020008FB0200082B
:1001C000FB020008FB020008000000000000000025
:1001D0000000000000000000FB020008000000001A
:1001E000000000000000000000000000000000000F
:1001F0000000000000000000FB020008FB020008F5
:10020000FB020008FB02000800000000FB020008DF
:10021000FB020008FB020008FB020008FB020008CA
:10022000FB02000800000000FB02000800000000C4
:10023000FB020008FB02000800000000FB020008AF
:10024000FB020008FB020008FB020008FB0200089A
:10025000FB020008FB020008FB020008FB0200088A
:10026000FB020008FB020008FB020008FB0200087A
:10027000FB020008FB020008FB020008000000006F
:10028000FB020008FB020008FB020008FB0200085A
:1002900000000000FB020008FB0200080000000054
:1002A00000000000FB020008FB020008FB0200083F
:1002B000018D0008FB020008FB020008FB02000899
:1002C000FB020008FB020008FB020008DFF80CD06C
:1002D00000F09AF800480047D9C4000830330024E1
:1002E0000648804706480047FEE7FEE7FEE7FEE7D0
:1002F000FEE7FEE7FEE7FEE7FEE7FEE759800008BF
:10030000CD0200082DE9F05F0546002092469B468D
:1003100088460646814640241BE02846414647461B
:10032000224600F061F853465A46C01A914110D354
:1003300011461846224600F048F82D1A67EB0108CE
:100340004F4622460120002100F03FF817EB00093C
:100350004E41201EA4F10104DFDC484631462A4606
:100360004346BDE8F09F10B5431A934209D2831863
:10037000881803E010F8011D03F8011D521EF9D280
:1003800010BD40EA01039B0703D009E008C9121F12
:1003900008C0042AFAD203E011F8013B00F8013B3F
:1003A000521EF9D210BDD2B201E000F8012B491E55
:1003B000FBD270470022F6E710B513460A46044602
:1003C0001946FFF7F0FF204610BD202A04DB203A33
:1003D00000FA02F1002070479140C2F1200320FA98
:1003E00003F3194390407047202A04DB203A21FA96
:1003F00002F00021704721FA02F3D040C2F120023E
:1004000091400843194670471CB5094800900948B7
:1004100001900546009C06E0E06840F0010394E886
:10042000070098471034AC42F6D3FFF753FF0000A3
:100430005CCA00087CCA0008FEE70000000000005B
:1004400000207047000000000020704700000000FE
:1004500010B541F2F47440F6D461C2F20044C2F225
:1004600000410022204608F023FE40F2D4612046DD
:10047000C2F2004108F00CFE002010BD0000000098
:1004800070B541F2F4760546C2F200460C4630469D
:10049000294608F0FDFD304608F0D6FD21682846C3
:1004A00007F032FA002070BD002070470000000005
:1004B00041F2F472C2F20042D2F8BC22D2F8142205
:1004C000002A1CBF0120704710B541F2F4740A469F
:1004D000C2F200440146204608F0EAFD2046BDE88D
:1004E000104008F069BE000041F6D020C2F2004082
:1004F00000F0BEBC0000000040F20F42D0F800C087
:10050000C4F20202944511DC6F22C4F20202944547
:1005100022DC3F22C4F20202944539DC1022C4F2EC
:10052000020294455AD0282254E000BF40F26F42A4
:10053000C4F2020294451BDC40F23F42C4F20202C4
:1005400094452DDC40F21042C4F20202944545D09D
:1005500040F228423EE000BF9F22C4F202029445CE
:1005600028DC7022C4F20202944537D0882231E0A0
:1005700040F29F42C4F20202944523DC40F27042F2
:10058000C4F20202944529D040F2884222E000BF22
:100590004022C4F20202944520D058221AE000BF43
:1005A00040F24042C4F20202944517D040F2584251
:1005B00010E000BFA022C4F2020294450ED0B8227F
:1005C00008E000BF40F2B842C4F20202944505D0F0
:1005D00040F2A042C4F20202944517D10CF0F80296
:1005E0004AF6AB23103ACAF6AA23A2FB03310AA3A8
:1005F0005F2AC1F302115B5C40F2FF312CEA01017A
:10060000C36588BF04318165084670472CF0FF013F
:1006100081650846704700BF0006101600061016D8
:10062000704700000000000072B600BFFEE7000047
:1006300041F64830C2F2004001F01ABE000000004E
:1006400041F64830C2F2004001F012BE0000000046
:1006500041F6E830C2F2004001F00ABE000000009E
:1006600041F6E830C2F2004001F002BE0000000096
:1006700080B541F64830C2F2004001F0F9FD41F684
:10068000E830C2F20040BDE8804001F0F1BD00005A
:100690002DE9F041044602F03BFE3CB3054694F8D8
:1006A0003500022826D1276840F20F46C4F2020620
:1006B00040F26F483868B74220F0010038606FF0B0
:1006C0000E00C4F202081DDC6F21C4F202018F4249
:1006D0002ADC3F21C4F202018F4241DC1021C4F226
:1006E00002018F4263D028215CE000BF0120BDE8F9
:1006F000F08100BF802060650120002184F8341063
:10070000BDE8F08147451BDC40F23F41C4F20201E5
:100710008F422DDC40F21041C4F202018F4246D0DC
:1007200040F228413EE000BF9F21C4F202018F4207
:1007300028DC7021C4F202018F4238D0882131E0D8
:1007400040F29F41C4F202018F4223DC40F270412B
:10075000C4F202018F422AD040F2884122E000BF59
:100760004021C4F202018F4221D058211AE000BF7B
:1007700040F24041C4F202018F4218D040F2584189
:1007800010E000BFA021C4F202018F420FD0B821B7
:1007900008E000BF40F2B841C4F202018F4206D027
:1007A00040F2A041C4F202018F42394607D13946D6
:1007B000386820F01E0041F8140B6FF080000A68C2
:1007C000474500EA020008601ADC9F20C4F20200DC
:1007D000874233DC5720C4F2020087425ADC1020E3
:1007E000C4F20200874200F097802820C4F2020081
:1007F000874200F091804020C4F202008AE000BFEE
:1008000045F22F40C5F6020087422DDC40F2B7408A
:10081000C4F2020087424BDC40F27040C4F2020096
:10082000874279D040F28840C4F20200874273D0F8
:1008300040F2A040C4F202006CE000BF40F227404A
:10084000C4F20200874243DCA020C4F202008742C7
:1008500062D0B820C4F2020087425DD040F210405E
:10086000C4F2020056E000BF45F26B40C5F602003C
:1008700087423FDC45F23040C5F6020087424BD04C
:1008800045F24440C5F60200874245D045F2584043
:100890003EE000BF5820C4F2020087423CD07020E6
:1008A000C4F20200874237D08820C4F2020031E04F
:1008B00040F2B840C4F2020087422DD045F2084011
:1008C000C5F60200874227D045F21C4020E000BF59
:1008D00040F22840C4F2020087421DD040F240405E
:1008E000C4F20200874217D040F25840C4F202001E
:1008F00010E000BF45F26C40C5F6020087420BD005
:1009000045F29440C5F60200874205D045F280408A
:10091000C5F60200874205D1206E016821F480717E
:10092000016000BF3868C00710D002F0F1FC401B26
:100930000628F7D320206065032084F835000120C5
:10094000002184F83410BDE8F08100BF2068082140
:10095000B0424FF03F0211DC6F23C4F20203984211
:100960001EDC3F23C4F20203984235DC1023C4F29C
:100970000203984257D0282350E000BF40451BDCBB
:1009800040F23F43C4F2020398422DDC40F2104390
:10099000C4F20203984246D040F228433EE000BF32
:1009A0009F23C4F20203984228DC7023C4F202039E
:1009B000984238D0882331E040F29F43C4F20203CA
:1009C000984223DC40F27043C4F2020398422AD0DA
:1009D00040F2884322E000BF4023C4F20203984261
:1009E00021D058231AE000BF40F24043C4F2020372
:1009F000984218D040F2584310E000BFA023C4F240
:100A0000020398420FD0B82308E000BF40F2A04391
:100A1000C4F20203984206D040F2B843C4F2020383
:100A2000984240F0C580D4E9163707F01F074045CB
:100A300002FA07F25A5019DC9F21C4F202018842DF
:100A400032DC5721C4F20201884259DC1021C4F281
:100A50000201884200F096802821C4F202018842F7
:100A600000F090804021C4F2020189E045F22F415C
:100A7000C5F6020188422DDC40F2B741C4F2020102
:100A800088424BDC40F27041C4F20201884279D0C6
:100A900040F28841C4F20201884273D040F2A04182
:100AA000C4F202016CE000BF40F22741C4F202012F
:100AB000884243DCA021C4F20201884262D0B821FE
:100AC000C4F2020188425DD040F21041C4F202013A
:100AD00056E000BF45F26B41C5F6020188423FDC9B
:100AE00045F23041C5F6020188424BD045F24441FF
:100AF000C5F60201884245D045F258413EE000BFAC
:100B00005821C4F2020188423CD07021C4F2020193
:100B1000884237D08821C4F2020131E040F2B84166
:100B2000C4F2020188422DD045F20841C5F6020107
:100B3000884227D045F21C4120E000BF40F2284106
:100B4000C4F2020188421DD040F24041C4F20201C9
:100B5000884217D040F25841C4F2020110E000BFB1
:100B600045F26C41C5F6020188420BD045F2944132
:100B7000C5F60201884205D045F28041C5F6020162
:100B800088420BD1616EA26EE06E4A6030B101689E
:100B900021F480710160D4E91C014160012084F8D6
:100BA00035000020002184F83410BDE8F08100BF3A
:100BB0000421012237E70000F0B190F83510022936
:100BC00018D180B540F20F420168C4F2020291428E
:100BD00014DC6F23C4F20203994225DC3F23C4F2E4
:100BE000020399423CDC1023C4F2020399425DD017
:100BF000282357E0802141650120704740F26F4370
:100C0000C4F2020399421BDC40F23F43C4F20203E8
:100C100099422DDC40F21043C4F20203994245D0C0
:100C200040F228433EE000BF9F23C4F202039942F2
:100C300028DC7023C4F20203994237D0882331E0C4
:100C400040F29F43C4F20203994223DC40F2704316
:100C5000C4F20203994229D040F2884322E000BF47
:100C60004023C4F20203994220D058231AE000BF67
:100C700040F24043C4F20203994217D040F2584375
:100C800010E000BFA023C4F2020399420ED0B823A3
:100C900008E000BF40F2B843C4F20203994205D015
:100CA00040F2A043C4F20203994275D191424FF041
:100CB000040280F8352011DC6F20C4F2020081426A
:100CC00022DC3F20C4F20200814239DC1020C4F251
:100CD0000200814259D0282054E000BF40F26F400A
:100CE000C4F2020081421BDC40F23F40C4F2020029
:100CF00081422DDC40F21040C4F20200814244D017
:100D000040F228403EE000BF9F20C4F20200814232
:100D100028DC7020C4F20200814236D0882031E005
:100D200040F29F40C4F20200814223DC40F2704056
:100D3000C4F20200814228D040F2884022E000BF85
:100D40004020C4F2020081421FD058201AE000BFA8
:100D500040F24040C4F20200814216D040F25840B6
:100D600010E000BFA020C4F2020081420DD0B820E4
:100D700008E000BF40F2B840C4F20200814204D053
:100D800040F2A040C4F202008142086820F0010055
:100D90000860002080BD00BF0A6822F001020A60DE
:100DA00045F25742C5F6020291420A6822F00E024D
:100DB0000A600FDC45F22F42C5F60202914219DCAF
:100DC00045F20842C5F60202914229D045F21C4282
:100DD00022E000BF45F27F42C5F60202914213DCD9
:100DE00045F25842C5F60202914219D045F26C42D2
:100DF00012E000BF45F23042C5F6020291420FD028
:100E000045F2444208E000BF45F29442C5F60202B2
:100E1000914205D045F28042C5F6020291421AD1B4
:100E2000D0E9181CD0E916E30A6822F480720A603F
:100E300003F01F01012202FA01F1CEF80410816EC5
:100E4000CCF80410C16E31B10A6822F480720A60D5
:100E5000D0E91C124A60012180F83510016D002292
:100E6000002980F8342094D08847002080BD0000FD
:100E70002DE9F04782B00021019140F20C0148F2C7
:100E8000B513C2F20041C1F64E33856D40F26F4991
:100E90000A680168C4F202092E68A2FB03284945CA
:100EA0002A6815DC9F22C4F2020291422CDC5722F0
:100EB000C4F20202914251DC1022C4F202029142B9
:100EC0007BD02822C4F20202914276D040226FE009
:100ED00045F22F43C5F60203994229DC40F2B7439D
:100EE000C4F20203994245DC40F27042C4F20202AD
:100EF000914262D040F28842C4F2020291425CD038
:100F000040F2A04254E000BF40F22742C4F2020285
:100F100091423FDCA022C4F2020291424DD0B8229D
:100F2000C4F20202914248D040F2104240E000BFB9
:100F300045F26B43C5F60203994275DC45F2304336
:100F4000C5F60203994200F0828045F24443C5F69B
:100F5000020399427BD045F2584373E05822C4F211
:100F60000202914229D07022C4F20202914224D09E
:100F700088221DE040F2B843C4F2020399421CD01B
:100F800045F20843C5F60203994260D045F21C437E
:100F900058E000BF40F22842C4F2020291420CD055
:100FA00040F24042C4F20202914206D040F258425E
:100FB000C4F20202914240F05383C26D082302F052
:100FC0001F0240F20F4A9340C4F2020A334200F07B
:100FD000DE8051454FF0040412DC6F27C4F2020793
:100FE000B9426DDC3F27C4F20207B94200F39C808E
:100FF0001027C4F20207B94200F0BD802827B5E0EF
:10100000494569DC40F23F47C4F20207B94200F3A8
:10101000938040F21047C4F20207B94200F0AB805F
:1010200040F22847A2E000BF45F26C43C5F6020338
:1010300099420CD045F28043C5F60203994206D08E
:1010400045F29443C5F60203994240F009830B68C8
:10105000C76D07F01F070426BE40164218BF13F0E5
:10106000040423D10226BE40164218BF13F0020426
:1010700042D1FA40120740F1F38213F0080200F067
:10108000EF820A6822F00E020A60012101FA07F2DB
:101090006A60416580F83510C16C00294FF000028C
:1010A00080F8342040F0D882DAE200BF1A046E6083
:1010B00034D49A0635D40A6822F004020A6030E07B
:1010C0009F27C4F20207B94240DC7027C4F202072E
:1010D000B94250D0882749E040F29F47C4F2020746
:1010E000B9423BDC40F27047C4F20207B94242D039
:1010F00040F288473AE000BF1A046E6000F1B48203
:101100009A0600F1B5820A6822F00A020A600121FB
:1011100080F83510002180F83410A9E2D90300F1DD
:10112000A982016C97E200BF4027C4F20207B942CE
:1011300021D058271AE000BF40F24047C4F202070E
:10114000B94218D040F2584710E000BFA027C4F2BF
:101150000207B9420FD0B82708E000BF40F2A0470D
:10116000C4F20207B94206D040F2B847C4F20207FF
:10117000B94218BF08240F68274208D00F6827F02B
:1011800004070F60AB60436D43F001034365012327
:10119000934033426FD0514510DC6F27C4F20207F1
:1011A000B9421DDC3F27C4F20207B94234DC1027E4
:1011B000C4F20207B94256D028274FE049451BDC4C
:1011C00040F23F47C4F20207B9422DDC40F210471B
:1011D000C4F20207B94246D040F228473EE000BFC1
:1011E0009F27C4F20207B94228DC7027C4F2020725
:1011F000B94238D0882731E040F29F47C4F2020755
:10120000B94223DC40F27047C4F20207B9422AD047
:1012100040F2884722E000BF4027C4F20207B942EB
:1012200021D058271AE000BF40F24047C4F202071D
:10123000B94218D040F2584710E000BFA027C4F2CE
:101240000207B9420FD0B82708E000BF40F2A0471C
:10125000C4F20207B94206D040F2B847C4F202070E
:10126000B94240F00D824F693F0604D5AB60436D33
:1012700043F0020343650423934033426FD051454A
:1012800010DC6F27C4F20207B9421DDC3F27C4F20D
:101290000207B94234DC1027C4F20207B94256D023
:1012A00028274FE049451BDC40F23F47C4F20207C4
:1012B000B9422DDC40F21047C4F20207B94246D0D1
:1012C00040F228473EE000BF9F27C4F20207B94220
:1012D00028DC7027C4F20207B94238D0882731E0F1
:1012E00040F29F47C4F20207B94223DC40F2704744
:1012F000C4F20207B9422AD040F2884722E000BF78
:101300004027C4F20207B94221D058271AE000BF93
:1013100040F24047C4F20207B94218D040F25847A1
:1013200010E000BFA027C4F20207B9420FD0B827CF
:1013300008E000BF40F2A047C4F20207B94206D05D
:1013400040F2B847C4F20207B94240F0A1810F68E9
:10135000BF0704D5AB60436D43F00403436510231E
:1013600003FA02F2324200F0828051454FF0080346
:1013700010DC6F27C4F20207B9421DDC3F27C4F21C
:101380000207B94234DC1027C4F20207B94256D032
:1013900028274FE049451BDC40F23F47C4F20207D3
:1013A000B9422DDC40F21047C4F20207B94246D0E0
:1013B00040F228473EE000BF9F27C4F20207B9422F
:1013C00028DC7027C4F20207B94238D0882731E000
:1013D00040F29F47C4F20207B94223DC40F2704753
:1013E000C4F20207B9422AD040F2884722E000BF87
:1013F0004027C4F20207B94221D058271AE000BFA3
:1014000040F24047C4F20207B94218D040F25847B0
:1014100010E000BFA027C4F20207B9420FD0B827DE
:1014200008E000BF40F2A047C4F20207B94206D06C
:1014300040F2B847C4F20207B94218BF04230F684C
:101440001F4214D0AA600A6852030A6808D4D20561
:1014500008D40A6822F008020A60016C21B906E08B
:10146000110351D4016C11B1044688472046C16D67
:1014700001F01F02202101FA02F3334200F0AF8095
:1014800001681027514511DC6F26C4F20206B142F3
:101490001EDC3F26C4F20206B14239DC1026C4F23B
:1014A0000206B1425BD0282654E000BF49451BDC50
:1014B00040F23F46C4F20206B14231DC40F210462F
:1014C000C4F20206B1424AD040F2284642E000BFD0
:1014D0009F26C4F20206B1422CDC7026C4F202063A
:1014E000B1423CD0882635E040F29F46C4F2020665
:1014F000B14227DC40F27046C4F20206B1422ED05F
:1015000040F2884626E000BF816C0029ACD1AEE7EE
:101510004026C4F20206B14221D058261AE000BF8C
:1015200040F24046C4F20206B14218D040F258469A
:1015300010E000BFA026C4F20206B1420FD0B826C8
:1015400008E000BF40F2A046C4F20206B14206D055
:1015500040F2B846C4F20206B14218BF02270E6834
:101560003E423CD0AB6090F83530042B0B681DD167
:1015700023F016030B604B6923F080034B61036C6F
:101580000BB9836C1BB10B6823F008030B603F2180
:101590009140A960012180F83510016D00294FF0BC
:1015A000000280F8342057D15AE000BF5A030A687D
:1015B0000ED4D2050ED40A6822F010020A6001216E
:1015C00080F83510002180F83410C16B21B906E095
:1015D000110351D4C16B11B1044688472046416DB7
:1015E00000293DD0416DC90734D0042180F8351061
:1015F00001684FEA98220B6823F001030B60019BFE
:101600000133019393421AD80B68DB0717D0019B73
:1016100001330193934212D80B68DB070FD0019B73
:101620000133019393420AD80B68DB0707D0019B73
:1016300001330193934202D80B68DB07DFD10968BD
:10164000C9074FF0030108BF012180F835100021C0
:1016500080F83410C16C19B102B0BDE8F0470847FA
:1016600002B0BDE8F08700BFD90301D4416CF2E7B6
:10167000C16BF0E7816CEEE7416C0029ACD1AEE7BD
:101680000B680423934033427FF4F9AD67E600BF53
:101690000B6864E6000000002DE9F041044601F00B
:1016A00037FEFCB140F26F4805462068C4F20208DC
:1016B00040451BDC9F21C4F20201884232DC5721E5
:1016C000C4F20201884259DC1021C4F202018842AE
:1016D00000F083802821C4F20201884200F07D805E
:1016E000402175E00120BDE8F08100BF45F22F41A7
:1016F000C5F60201884229DC40F2B741C4F202017A
:10170000884247DC40F27041C4F20201884264D052
:1017100040F28841C4F2020188425ED040F2A0410A
:1017200056E000BF40F22741C4F20201884241DC8A
:10173000A021C4F2020188424FD0B821C4F20201B4
:1017400088424AD040F2104142E000BF45F26B416E
:10175000C5F60201884200F3D18045F23041C5F65A
:101760000201884200F0DD8045F24441C5F60201E5
:10177000884200F0D68045F25841CDE05821C4F2AD
:101780000201884229D07021C4F20201884224D08B
:1017900088211DE040F2B841C4F2020188421CD009
:1017A00045F20841C5F60201884200F0BA8045F2D0
:1017B0001C41B1E040F22841C4F2020188420CD041
:1017C00040F24041C4F20201884206D040F2584142
:1017D000C4F20201884240F03981022184F83510B8
:1017E000002184F83410016821F00101016000BF7C
:1017F00020680168C9070DD001F08AFD401B06284A
:10180000F6D320206065032084F835000120BDE870
:10181000F08100BF48F23F0204F108060168CFF6EC
:101820001062114065694CCE1143A2691943E36906
:101830003143266A0D43616A2B43042943EA0603B8
:1018400043EA020303D1D4E90B652E4333436568B1
:10185000A5F12906292E00F23182DFE816F02B00CF
:101860002B002B002B002B002B002F022F022F020E
:101870002F022F022F022F022F022F022F022F02E0
:101880002F022F022F022F022F022B002B002B00E2
:101890002B002F022F022F022F022B002B002F02D2
:1018A0002F022F022F022F022F022B002B002B00C2
:1018B0002B0000BF43F4801303600429436923F025
:1018C000070341EA030140F0DD80D4E90A53002B0D
:1018D00041EA050100F0D680B2F5005F00F0B88063
:1018E000002A40F0C180022D00F0C180012D00F0DF
:1018F000B580002D00F0BB80C4E000BF45F26C4114
:10190000C5F6020188420CD045F28041C5F60201BD
:10191000884206D045F29441C5F60201884240F063
:10192000958004F1080E022184F83510002184F816
:1019300034100168A3699EE80450A2F18005E769AC
:10194000B5FA85F566696D09402A4FEA853543EA9F
:1019500007026FF3101142EA060208BF102541EAA0
:10196000DC0142EA0E02236A294341EAD20141EA3C
:10197000131140F80819C0B2CD2148433C2101EAB7
:101980009020E0652046FEF7B7FDE16D012201F0F1
:101990001F0102FA01F141602068404500F3818097
:1019A0009F21C4F20201884214DC5721C4F20201D3
:1019B000884227DC1021C4F20201884200F0C7806F
:1019C0002821C4F20201884200F0C1804021C4F203
:1019D0000201B9E040F22741C4F20201884221DC51
:1019E000A021C4F20201884200F0B180B821C4F203
:1019F0000201884200F0AB8040F21041C4F20201C3
:101A0000A2E000BF5821C4F20201884200F09F808A
:101A10007021C4F20201884200F099808821C4F24A
:101A2000020191E040F22841C4F20201884200F034
:101A30008E8040F24041C4F20201884200F087806B
:101A400040F25841C4F202017EE000BF4020D9E6D6
:101A5000032D17D8DFE805F00E0B0E02A3F1C072BC
:101A6000B2FA82F2520904E0032D03D30AD1C3F380
:101A700000623AB140206065012084F83500BDE87D
:101A8000F08100BF41612046FEF736FDE16D3F2247
:101A900001F01F0102FA01F18160206840457FF7E3
:101AA0007FAF45F22F41C5F60201884216DC40F2B5
:101AB000B741C4F20201884226DC40F27041C4F210
:101AC0000201884243D040F28841C4F202018842B8
:101AD0003DD040F2A041C4F2020135E045F26B4135
:101AE000C5F6020188421FDC45F23041C5F602010D
:101AF00088422CD045F24441C5F60201884226D0E6
:101B000045F258411EE000BF40F2B841C4F2020164
:101B100088421CD045F20841C5F60201884216D021
:101B200045F21C410EE000BF45F26C41C5F60201D2
:101B300088420CD045F29441C5F60201884206D095
:101B400045F28041C5F60201884240F0E18045F24D
:101B5000574C45F6FC0EC5F6020CC5F6020E604564
:101B60000EDC45F22F41C5F60201884218DC45F231
:101B70000841C5F60201884228D045F21C4121E007
:101B800045F27F41C5F60201884213DC45F2584117
:101B9000C5F60201884219D045F26C4112E000BF3F
:101BA00045F23041C5F6020188420FD045F244416A
:101BB00008E000BF45F29441C5F60201884205D015
:101BC00045F28041C5F60201884247D100F0FC0190
:101BD0004CF6CD420839CCF6CC42A1FB0212AEF154
:101BE000FC05AEF17C061309A26803F01F01802AF0
:101BF0004FF0010205EB8305256602FA01F26666E5
:101C0000A26605D100206060286072601EE000BFFF
:101C10006368D9B25F1E072F2960726016D84E1E06
:101C2000082E19D260450EF1440237DC45F22F41EF
:101C3000C5F60201884249DC45F20841C5F60201B9
:101C4000884259D045F21C4152E000BF0020606735
:101C5000C4E91B005CE000BFE06E54E000F0F80156
:101C60004AF6AB221039CAF6AA22A1FB021240F2B0
:101C70000F43C4F2020308251109984203F1AA0692
:101C80000B4688BF05EB121340F60005B042C4F2C4
:101C9000020505F1800628BF0B46A5E745F27F4106
:101CA000C5F6020188421BDC45F25841C5F6020127
:101CB000884221D045F26C411AE000BF25F00307AD
:101CC000742F08BF43F48013F6E500BF45F230419E
:101CD000C5F6020188420FD045F2444108E000BF3A
:101CE00045F28041C5F60201884205D045F2944193
:101CF000C5F60201884213D10EEB83000121E06694
:101D0000B1402267616700210160D4E91C01416094
:101D100000206065012184F83510BDE8F08100BF26
:101D200040F60000C4F2020000F1FC0E00F5A072C3
:101D3000E2E7000000000000B0B5044601F0E8FA58
:101D400040F204010546C2F20041621C097818BF46
:101D50000C4400BF01F0DCFA401BA042FAD3B0BD36
:101D600090F89830013B012B0ED80068836D0B4230
:101D700012D0836D0B408B4232D1C36D43F002030E
:101D8000C3658B050ED412E000F19C0101200222F4
:101D90000B681A430A607047C36D43F00103C365C3
:101DA0008B0504D5D0F8E0301343C0F8E0304B0584
:101DB00004D5D0F8E4301A43C0F8E4204FF6FF729F
:101DC000436DC3F6CF720A401A4342658A0F4AF642
:101DD00014010020C4F200010B681A430A60704726
:101DE0000323C3658B05DDD4E1E70000000000009C
:101DF00090F89830022B1BD12DE9F0430668D6F8F5
:101E0000C03013F07C5F1BD0D6F8C4309B0221D4C5
:101E1000D6F8C4300C69C3F3044CD1E90035002D69
:101E20008D6821D023432B4343F0804E20E000BF38
:101E3000D0F89C1041F00801C0F89C1001207047B8
:101E4000D0F89C1041F02001C0F89C100120BDE8A2
:101E5000F08300BFD0F89C1041F40071C0F89C10D2
:101E60000120BDE8F08300BF44EA834343EA050E46
:101E7000836ED0F88450D1E907970CFB03F48B698B
:101E800049EA0767D1F81480D1F80C901F4305EB9D
:101E9000840347EA080745F824E047EA09475F60FA
:101EA000CF6887B14CF63C25083303320024C0F6D6
:101EB000000500BF171957F8037C1F51CF68043481
:101EC000EF5DBC42F6D3012101FA0CF1C6F8D01047
:101ED000C0F894100020BDE8F0830000000000006E
:101EE000704700000000000090F89830012B0FD1DF
:101EF000012900684FEA026212D0D9B9D0F8F01077
:101F000021F07C511143C0F8F0100020704700BF51
:101F1000D0F89C1041F00401C0F89C1001207047DB
:101F2000D0F8A01021F0FE411143C0F8A01000200D
:101F3000704700BFD0F8B01021F0FE411143C0F847
:101F4000B01000207047000090F89820013A012A54
:101F50000CD880B50A68002ACA680FD00B69072A16
:101F600043EA427E18D18B691BE000BFD0F89C1079
:101F700041F00201C0F89C1001207047072A19D1D6
:101F80000A69D1E906C3120442EA032242EA0C02BA
:101F900042F0605218E000BFD1F808C04B6943EA34
:101FA0008C73006F496800EBC10240F831E0536068
:101FB000002080BD8B68D1E904CE9B0743EAC26252
:101FC00042EA0C4242EA0E024968C06E40F8212003
:101FD000002080BD0000000090F898C0BCF1010F07
:101FE0000ED19200006842EA0111DDF800C041EA1A
:101FF000430141EA0C01C0F880100020704700BF87
:10200000D0F89C1041F00401C0F89C1001207047EA
:1020100090B110B5044600F003FE2068C16D21F0B8
:102020000301C165204600F0BFFC0020C4F89C00FD
:1020300084F8980010BD00BF012070470000000028
:102040007047000000000000890158BF7047006819
:10205000816921F0010181617047000000000000EA
:102060002DE9F04390F89870022F25D140292DD109
:102070000668D6F8A07017F4FE0F00F0C180D6F8FD
:10208000A4707F0600F0CE80D6F8A470D6F8A450D5
:10209000ED01C7F3052E0AD5D6F8A070B7F1FF3FC2
:1020A00005DC0EF10107D6F8A06007EA164E4424BD
:1020B0007425F44638E000BFD0F89C1041F00801C8
:1020C000C0F89C100120BDE8F08300BF412923D156
:1020D0000668D6F8B07017F4FE0F00F09180D6F8BD
:1020E000B4707F0600F09E80D6F8B470D6F8B45075
:1020F000ED01C7F3052E0AD5D6F8B070B7F1FF3F52
:1021000005DC0EF10107D6F8B06007EA164E4C2444
:102110007825F44608E000BF076D8F4270D94FF074
:10212000000C54247C258E46045945590EFB04F4BA
:1021300005EB840E55F8247017F08047576055F86A
:10214000247027F0604608BFC7F38A46166055F82A
:10215000247007F00057976055F8244004F00044BD
:102160001461BEF80440D461BEF8064014F00F04B8
:10217000D460DEF8044004F480145461DEF80440B6
:1021800004F4001494619EF8074004F07F04146284
:10219000DEF804404FEAD474546228D04CF63C2850
:1021A0000024C0F600080EEB0406651C377A1F55A4
:1021B000D76818F80770BD4219D21F19757A7D705B
:1021C000D56818F80590A51C4D453FBFB57ABD7080
:1021D000D56818F805903CBFE51C4D4507D2F57A47
:1021E0000434FD70D56818F80550AC42DBD34029A3
:1021F00010D10068C0F8A8C00020BDE8F08300BF7F
:10220000D0F89C1041F02001C0F89C100120BDE8DE
:10221000F08300BF41290FD10068C0F8B8C000208A
:10222000BDE8F083D0F89C1041F48071C0F89C1098
:102230000120BDE8F08300BF1F2909D800680122F2
:1022400002FA01F1C0F898100020BDE8F08300BF49
:10225000006801F01F01012202FA01F1C0F89C1090
:102260000020BDE8F083000070470000000000007F
:102270002DE9F04F87B004464AF61000C4F2000082
:1022800001684AF61400C4F20000026820680A409F
:10229000D0F850B0D0F85490056D466D036D0293A0
:1022A000436D0193036D0693436D0593036D049392
:1022B000436D0393D0F854A0D0F850805FEACA531E
:1022C00011D518F480710ED04FF4807101654AF673
:1022D00010010020C4F20001174608602046FFF7F5
:1022E000C3FF3A4620685FEA4A510BEA090B4FEAFE
:1022F000827740F14B814AF6100918F48061C4F2EC
:10230000000910D0D0F8DC100092D0F8E420114081
:102310004FF4806202650020C9F80000204600F0FA
:102320005BFE009A206805EA06050BF4704657B17B
:102330000021016502F00300C9F80000204639467B
:10234000FFF7CEFD2068DDE9012101EA020705F073
:102350000F0546B106650020C9F800002046314649
:1023600000F042FE206807F0F00645B10565002048
:10237000C9F800002046294600F01EFC206846B13E
:1023800006650020C9F800002046314600F028FC10
:1023900020685FEA0A510CD518F4006109D04FF4A7
:1023A000006101650020C9F80000204600F020FE11
:1023B00020685FEA8A5111D518F400710ED0D0F868
:1023C000D810D0F8E02011404FF4007202650020D0
:1023D000C9F80000204600F003FE20685FEA0A31D9
:1023E0000CD518F4002109D04FF40021016500201C
:1023F000C9F80000204600F0DBFB20685FEACA3124
:102400000CD518F4803109D04FF4803101650020DB
:10241000C9F80000204600F0DBFD20685FEA4A3181
:10242000DDE9032101EA02050CD518F4802109D069
:102430004FF4802101650020C9F80000204600F01B
:10244000C3FD20685FEA8A31DDE9052102EA010265
:1024500005F060710ED518F400330BD04FF4003343
:1024600003650023C9F80030D4F89C3043F08003A2
:10247000C4F89C3002F0715539B101650020C9F8EB
:1024800000002046FFF7E0FD206845B1056500210A
:10249000C9F80010D4F89C102943C4F89C10A9F581
:1024A000016188420AD0D4F89C0000286AD02046F6
:1024B00007B0BDE8F04FFFF7C3BD00BF606881689B
:1024C0008907F0D0016A426A036A476A114003EA49
:1024D000070202F03005D0F82080D0F82490D0F820
:1024E00020B0466A026A069211F00F01426A059214
:1024F000D0F824A0026A049203D00162204600F0C2
:1025000057FD08EA09072DB1606829460562204693
:1025100000F056FD5FEA4A6006EA0B0607F4C07554
:102520000ED5049810F040000AD060684023C16BBB
:10253000C26B090C02F03F020362204600F03CFD32
:10254000DDE9051000EA010706F4FC462DB16068DC
:1025500029460562204600F027FD07F4F02036B139
:1025600061680E62D4F89C103143C4F89C100028B6
:1025700099D061680862D4F89C100843C4F89C00A4
:1025800091E700BF07B0BDE8F08F00BF4AF6100921
:10259000C4F20009002F05EA06050BF470467FF42B
:1025A000C7AED0E600000000F0B12DE9F04F83B0D7
:1025B0004AF200080446C4F200080068404533D0DF
:1025C00094F89810B9B3816921F01001816100F08D
:1025D0009FFE054620688169090707D500F098FE2F
:1025E000401B0B28F6D312E001207047816941F0AF
:1025F0000101816100F08CFE054600BF2068816901
:10260000C90721D100F084FE401B0B28F6D301201E
:10261000D4F89C100843C4F89C00032084F8980068
:10262000012003B0BDE8F08F08F58071616094F877
:1026300098100029C7D1002084F89900204600F0A6
:1026400007FA2068BFE700BF816941F0020181619C
:10265000217C826922F04002012918BF4032826148
:10266000617C826922F48042012908BF02F5804220
:102670008261A17C826922F48052012918BF02F58F
:1026800080528261816921F44073D4E902120B43C4
:102690008361836923F0A4038361036923F010033A
:1026A00003619AB1012A0DD0022A09D08369032A55
:1026B00043F080038361036943F01002026105D196
:1026C000202200E0042283691A438261D4E9057262
:1026D000E369561E6FF0FF02256A02EB0323B1F592
:1026E000407F43EA4663A5F1010646EA030640F24D
:1026F0000003CFF6FF7303EB074746EA0701C1610A
:1027000010D1D4E90B65D4E90917013F02EB062289
:102710006FF00F063A4306EB05173A4303EB01410E
:102720001143C160236E2BB1616ED0F8C0201143FC
:10273000C0F8C010E16DCDE90113D9424CF6BC11CF
:10274000C0F6000109D0D0F8C820A36E22F007021D
:1027500051F823301A43C0F8C820D4F840C0BCF167
:10276000000F09D0D0F8BC20636C22F0070251F8AA
:1027700023301A43C0F8BC20D4F848B0BBF1000F96
:102780000AD0D0F8BC20E36C22F0700251F823305C
:1027900042EA0312C0F8BC20D4F850A0BAF1000FEE
:1027A0000AD0D0F8BC20636D22F4E06251F8231007
:1027B00042EA0121C0F8BC10404504D161688A6832
:1027C00022F003028A600021C4F89410C4F89C101F
:1027D000012184F8981004F13409D0F884104FF6E0
:1027E000FC729143656C99E80C02009541EA820104
:1027F000C0F88410D0F8841021F47F0141EA03412D
:10280000C0F884109918D0F888306FF38F0343EA2A
:102810008103C0F88830D0F8883023F4FE0343EAFF
:102820000943C0F8883001EB4903D0F8A0606FF38A
:102830008F0646EA8306C0F8A060D0F8A06026F4B0
:10284000FE0646EA0C46C0F8A06005FB0C36D0F840
:10285000B0306FF38F0343EA8603C0F8B030D0F88E
:10286000B03023F4FE0343EA0B43C0F8B030E36C0E
:10287000D0F8AC506FF38F0503FB0B6645EA860575
:10288000C0F8AC50D4F8548008FB0A65D0F8F0606A
:102890006FF38F0646EA8506C0F8F060D0F8F0E0E6
:1028A000A66D2EF47C1747EA0647C0F8F070F700D3
:1028B00007EB8507D0F8C0506FF38F052F43C0F8A2
:1028C000C070D0F8C070009DDDF804E027F47C17DC
:1028D00005FB0CFC4AF2000547EA0E47C0F8C07041
:1028E000C4F2000503FB0BC305F54067D0F8C050E8
:1028F00007EB820207EB810125F07C57029D47EA36
:102900000567C0F8C07001EBC90008FB0A372167F2
:10291000A16E00EB8C0C606700EB8303E266C4E9F8
:102920001EC30EFB01F300EB87006943C4F880006F
:1029300000EBC600C4F8840000EB8300C4F88800F4
:1029400000EB81004DF2FC31C4F20001C4F89000AC
:10295000884201D920205BE682421FD21146002026
:1029600041F8040BD4F890309942BFF45AAE50604D
:1029700002F10801D4F8903099423FBF906002F113
:102980000C01D4F890309942BFF44BAED0601032B5
:10299000D4F890108A42E1D343E600BF002003B090
:1029A000BDE8F08F0000000010B54AF20041006859
:1029B000C4F20001884229D04AF20001C4F20001A9
:1029C000884218BF10BD40F22820C2F200400168C2
:1029D0000139016007D144F2EC40C5F602000168FC
:1029E00021F48071016040F200400321C5F602002D
:1029F00000F5006000F000FB1524132000F00CFD32
:102A00002046BDE8104000F007BD00BF40F228207E
:102A1000C2F2004001680139016007D144F2EC4084
:102A2000C5F60200016821F48071016040F20040A7
:102A30006021C5F6020000F0DFFA1624142000F031
:102A4000EBFC2046BDE8104000F0E6BC00000000B2
:102A5000B0B5B6B0044602A8B8210025CDE934557A
:102A6000CDE932553195FDF7A5FC4AF200412068C9
:102A7000C4F2000188423FD04AF20001C4F20001D2
:102A8000884240F09080002003904FF40040029074
:102A90004FF080501D9002A801F09AFF08B1FDF799
:102AA000C3FD40F2282144F2E040C2F20041C5F6E5
:102AB00002000A68002A02F101020A6008D1C16816
:102AC00041F48071C160C16801F480710191019984
:102AD0000168152441F0080101600068132500F029
:102AE00008000190019840F20040C5F60200032161
:102AF00000F5006034E000BF4FF4004002904FF05A
:102B000080501D9002A8039501F062FF08B1FDF707
:102B10008BFD40F2282144F2E040C2F20041C5F6AC
:102B200002000A68002A02F101020A6008D1C168A5
:102B300041F48071C160C16801F480710191019913
:102B40000168162441F0020101600068142500F0BC
:102B500002000190019840F200406021C5F6020099
:102B60003191022132910021CDE9331109213591B2
:102B700031A900F0D1FA00210022284600F078FCAB
:102B8000284600F061FC00210022204600F070FC85
:102B9000204600F059FC3F200021002200F068FC94
:102BA0003F2000F051FC36B0B0BD00000000000036
:102BB000704700000000000041F64831C2F20041B9
:102BC000884209D041F6E831C2F20041884218BF7C
:102BD000704709F005BB00BF09F0A2BA0000000071
:102BE000704700000000000090F8981001290DD1F6
:102BF000022180F8981001688A6922F001028A6136
:102C00000021C0F89C100020704700BFD0F89C1035
:102C100041F00401C0F89C10012070470000000042
:102C200090F89810022927D1016851F8182F42F026
:102C300001020A600A68D20704BF0A685FEAC2722A
:102C400022D00A6822F010020A600A68120707D52B
:102C50000A68120744BF0A685FEA027200F1D28074
:102C60000A6842F002020A600021C0F894100122B2
:102C700080F8982008467047D0F89C1041F0080171
:102C8000C0F89C10012070470A68D20704BF0A6888
:102C90005FEAC272D5D10A68D20704BF0A685FEA48
:102CA000C272CED10A68D20704BF0A685FEAC27254
:102CB000C7D10A68D20704BF0A685FEAC272C0D1EE
:102CC0000A68D20704BF0A685FEAC272B9D10A680B
:102CD000D20704BF0A685FEAC272B2D10A68D2079B
:102CE00004BF0A685FEAC272ABD10A68D20704BFA8
:102CF0000A685FEAC272A4D10A68D20704BF0A68F0
:102D00005FEAC2729DD10A68D20704BF0A685FEA0F
:102D1000C27296D10A68D20704BF0A685FEAC2721B
:102D20008FD10A68D20704BF0A685FEAC2727FF4D3
:102D300088AF0A68D20704BF0A685FEAC2727FF4EC
:102D400080AF0A68D20704BF0A685FEAC2727FF4E4
:102D500078AF0A68D20704BF0A685FEAC2727FF4DC
:102D600070AF0A68D20704BF0A685FEAC2727FF4D4
:102D700068AF0A68D20704BF0A685FEAC2727FF4CC
:102D800060AF0A68D20704BF0A685FEAC2727FF4C4
:102D900058AF0A68D20704BF0A685FEAC2727FF4BC
:102DA00050AF0A68D20704BF0A685FEAC2727FF4B4
:102DB00048AF0A68D20704BF0A685FEAC2727FF4AC
:102DC00040AF0A68D20704BF0A685FEAC2727FF4A4
:102DD00038AF0A68D20704BF0A685FEAC2727FF49C
:102DE00030AF0A68D20704BF0A685FEAC2727FF494
:102DF00028AF0A68D20704BF0A685FEAC2727FF48C
:102E000020AFC3E00A68120744BF0A685FEA027293
:102E10007FF526AF0A68120744BF0A685FEA0272AC
:102E20007FF51EAF0A68120744BF0A685FEA0272A4
:102E30007FF516AF0A68120744BF0A685FEA02729C
:102E40007FF50EAF0A68120744BF0A685FEA027294
:102E50007FF506AF0A68120744BF0A685FEA02728C
:102E60007FF5FEAE0A68120744BF0A685FEA027285
:102E70007FF5F6AE0A68120744BF0A685FEA02727D
:102E80007FF5EEAE0A68120744BF0A685FEA027275
:102E90007FF5E6AE0A68120744BF0A685FEA02726D
:102EA0007FF5DEAE0A68120744BF0A685FEA027265
:102EB0007FF5D6AE0A68120744BF0A685FEA02725D
:102EC0007FF5CEAE0A68120744BF0A685FEA027255
:102ED0007FF5C6AE0A68120744BF0A685FEA02724D
:102EE0007FF5BEAE0A68120744BF0A685FEA027245
:102EF0007FF5B6AE0A68120744BF0A685FEA02723D
:102F00007FF5AEAE0A68120744BF0A685FEA027234
:102F10007FF5A6AE0A68120744BF0A685FEA02722C
:102F20007FF59EAE0A68120744BF0A685FEA027224
:102F30007FF596AE0A68120744BF0A685FEA02721C
:102F40007FF58EAE0A68120744BF0A685FEA027214
:102F50007FF586AE0A68120744BF0A685FEA02720C
:102F60007FF57EAE0A68120744BF0A685FEA027204
:102F70007FF576AE0A68120744BF0A685FEA0272FC
:102F80007FF56EAE0A6812077FF56AAED0F89C1026
:102F900041F00101C0F89C10032180F89810012035
:102FA00070470000000000007047000000000000B3
:102FB00070470000000000007047000000000000A3
:102FC0007047000000000000704700000000000093
:102FD0007047000000000000704700000000000083
:102FE0007047000000000000704700000000000073
:102FF0007047000000000000002908BF70472DE95D
:10300000F04F81B000F1264242F2004302F1FF721C
:10301000C5F602030A2598424FEAB22440F2040E94
:1030200008BF0925082CC5F6000E38BF4FEAB225A7
:1030300000F1200C002200270024009529E000BFA9
:103040000323066803FA02FA6FF0030303EA54034A
:1030500046EA0A06066007F01C060F2505FA06F97F
:103060005CF8036026EA09064CF80360C36823EAAB
:103070000A03C360436823EA08034360836823EAC2
:103080000A0383600134043731FA04F302F10202C7
:103090003CD0012303FA04F818EA0109F2D040F207
:1030A000084324F00305C5F6000307F00C0BED58A8
:1030B0000F2303FA0BFA009B05EA0A0503FA0BF645
:1030C000B542BDD1DEF87C504FF0B04325EA09058A
:1030D000CEF87C50DEF8805025EA0905CEF8805005
:1030E000DEF8005025EA0905CEF800501E68A50854
:1030F00026EA09061E6040F20843C5F6000353F8AD
:10310000256026EA0A0643F8256099E701B0BDE884
:10311000F04F7047000000002DE9F04F85B00F68B8
:103120000390002F00F0E680039842F2004600F181
:1031300026428C4602F1FF72C5F602060A21B04211
:103140004FEAB22600F1200008BF09210090082EA6
:1031500038BF4FEAB221002400264FF00008019149
:10316000CDF808C00CE000BF08F10108DCF80070E1
:1031700037FA08F106F1020604F1040400F0BA80FF
:10318000012000FA08F217EA0209EDD0DCF804A0E9
:1031900003200AF0030B00FA06F5ABF10107012F3B
:1031A00012D803988768DCE902C3AF43B3403B43BE
:1031B0008360CAF30017436823EA020207FA08F3A0
:1031C0001A43426008E000BFDCF808C0BBF1030FFF
:1031D00008BFBCF1010F2DD003994FEA480EE84318
:1031E0000CFA06F3CA68BBF1020F22EA050242EAB2
:1031F0000302CA601AD183466FF0030000EA580246
:10320000009804F01C050F2150F802C001FA05FADD
:1032100002992CEA0A078C460B69AB403B4383506A
:10322000D1F804A058460AF0030B0BE0DDF808C003
:1032300008E000BF4FF0030BB6460BFA06F2DDF8CC
:1032400008C0D043039B1AF4403F1A6802EA000109
:103250000BFA0EF241EA020119603FF485AF44F225
:10326000F44040F20845C5F60200C5F600050168C5
:1032700041F00201016001680F2001F00201049198
:1032800028F00301049A04F00C024B5900FA02F7EB
:103290000198BB4300FA02F24FF0B0401A434A5182
:1032A0000168DCF8042041EA0903D70258BF21EA8B
:1032B00009039702036040F20400C5F600000168AC
:1032C00041EA090358BF21EA090397030360D0F8D4
:1032D000801041EA090358BF21EA0903D203C0F86C
:1032E0008030C16F41EA090358BF21EA0903C3676F
:1032F0003AE700BF05B0BDE8F08F00000000000015
:10330000002A08BF09048161704700000000000026
:1033100042F62870C2F200400068704700000000CA
:1033200040F2040042F62871C2F20040C2F20041AD
:1033300000780A6810440860704700000000000030
:1033400080B5032000F0C4F802F036FA44F21841C8
:103350004CF61423C5F60201C0F600030A68C2F356
:1033600003229A5C096801F00F0102F01F02595C08
:10337000D04040F21002C2F2004201F01F0120FAD8
:1033800001F1116040F20C01C2F2004108600F200F
:1033900000F00AF800281CBF012080BD00F02CF8C6
:1033A000002080BD00000000B0B540F20405C2F26C
:1033B00000452978F1B1044640F20C00C2F2004009
:1033C0004FF47A72B2FBF1F10068B0FBF1F002F059
:1033D00017FD0F2C01464FF001000AD8002918BF35
:1033E000B0BD4FF0FF300022214600F041F8002030
:1033F0006C60B0BD0120B0BD81B044F2F440C5F6B0
:103400000200016841F002010160006800F0020062
:103410000090009801B07047002848BF70474EF2F6
:10342000801300F01F01C0F34A10CEF20003012206
:1034300002FA01F143F82010BFF34F8FBFF36F8FF3
:103440007047000000000000002848BF704700F0EF
:103450001F01012202FA01F14EF20012C0F34A10DC
:10346000CEF2000242F82010704700000000000079
:1034700070B54EF60C5C4FF0FF36CEF2000C00F14A
:10348000604505F56445DCF80030C3F3022E8EF08C
:103490000703042B28BF0423BEF1030406FA03F339
:1034A00021EA030100F00F0338BF0024043B002889
:1034B000634406FA04F048BF03F10C05A14022EA78
:1034C000000008430001287070BD000000000000EB
:1034D0004EF60C514FF6FF03CEF200010A681A4077
:1034E00060F30A2242F0806040F0FD70086070478F
:1034F00001680122C0F8D824002280F8CC24886911
:1035000040F000608861486D40F08052002042F039
:1035100003024A6570470000704700000000000089
:1035200002680020516270472DE9F043D0F8008016
:10353000D8F8243091B1D8F82870B1F1010C03EB20
:1035400017414FD05FFA8CF30CF0030E042B08F5F3
:1035500082730BD2002700242BE000BF002043EA37
:103560000241C8F82810BDE8F08300BF0CF0FC0948
:1035700008F1F406002400BF56F8107F44F0010063
:10358000C0B244F00305EDB201EB174144F002076D
:1035900053F82000FFB2043401EB104053F8271019
:1035A00053F82550E7B200EB11404F4500EB1541B1
:1035B000E2D1BEF1000F15D053F82700BEF1010F84
:1035C00001EB10410ED0601CBEF1020FC0B253F8E7
:1035D000200001EB104105D0A01CC0B253F8200020
:1035E00001EB104108EB8C0041EA0241C0F80411E4
:1035F0000020BDE8F0830000D0F8E00406F024B914
:1036000001EBC10200EB8202D0F8E004126A06F07E
:103610007FB800000000000001EBC10200EB820255
:10362000D0F8E004D2F8602206F0CEB80000000026
:10363000D0F8E00406F00CB910B501F00F0E0A4600
:103640004FFA82FCD2090EEBCE01BCF1000F00EB69
:10365000810303F5157148BF03F1140190F8943408
:103660004A70012B81F800E002D1022010BD00BF9A
:10367000012280F8942402680446104606F030FFC8
:10368000002084F8940410BDB0B5037901F00F0256
:103690009A4201D90120B0BD4CB202EBC2038C4664
:1036A000002C00EB830303F515714FEADC1448BFCF
:1036B00003F1140190F894344C700024012B8C70A9
:1036C0000A7001D10220B0BD012280F89424026862
:1036D0000546104607F0F4F9204685F89444B0BD3D
:1036E00001F00F0101EBC10100EB8100D0F868028D
:1036F000704700000000000010B54FFA81FE01F095
:103700000F0C6FF3DF22BEF1000F0CEBCC0123D4C2
:1037100000EB810E00218EF855120EF515718EF812
:1037200054C2CEF85C228EF85832022B01D100220E
:103730004A7190F89424012A02D1022010BD00BFE2
:10374000012280F8942402680446104606F028FD01
:10375000002084F8940410BD00EB81014FF0010EAD
:1037600001F814CF81F801E08A600B71A1F81AC04A
:10377000022BDCD0DDE7000080B501F00F0C0CEB74
:10378000CC0100EB810E0021CEE998238379CEF89D
:1037900068128EF855120EF51571012B8EF854C271
:1037A00008BFCA6100681A4607F0D6F9002080BD3C
:1037B000B0B5027901F00F0494424FF001022DD808
:1037C0004FFA81FC01EBC10304EBC405BCF1000F0F
:1037D00000EB830303F5157300EB850548BF05F186
:1037E000140390F89454C9095970012D9A701C70F3
:1037F00002D10220B0BD00BF012180F8941405461B
:103800000068194607F088F92CB9A979286805F2EB
:103810009C4207F025F9002285F894241046B0BD9B
:1038200080B501F00F0C90F806E00CEBCC01BEF176
:10383000010F00EB810101F814CF4FF0000C0B6178
:103840004FF00103CA60C1F814C04B7008BFCA61D1
:103850000068724607F080F9002080BD000000007B
:103860002DE9F04F87B005688246284607F02CFC0A
:1038700010B107B0BDE8F08FDAF8000007F054FC93
:103880000028F6D0D5F80808C0F30D20CAF8D404F3
:10389000DAF8000007F048FC8007DAF8000003D5EA
:1038A000416901F00201416105F50061059107F0F0
:1038B0003BFCC006DAF80000069535D5816921F099
:1038C000100181612C6A04F00F0000EBC001C4F309
:1038D00043400AEB8101062801F5157512D0022834
:1038E0001BD147F6F07014EA000616D03409E968D7
:1038F0000698224607F01CFCE86800EB1610E8600A
:1039000008E000BF0AF29C410822069807F010FC6C
:10391000C4F30A14686920446861DAF80000816918
:1039200041F010018161069D07F0FEFB000340F1AC
:10393000F980DAF8000007F0D3FB002800F0F280ED
:1039400006464FF4306800244FF0000B0AF29C400A
:10395000049008E00BF1010B760808F1200804F14F
:10396000240400F0DF80F007F4D05FFA8BF9DAF876
:103970000000494607F0D0FB0746C00761D005EBC1
:10398000080001218160DAF8000008EB0001036CF7
:103990008A689AF80650012D26D1150734D4950669
:1039A00000F1B88043F20B05C4F65475AB42069D96
:1039B00002D312F4004231D10AEB0402D2F874327D
:1039C00009696FF3DF41A3EB0101C2F86812A4BBE0
:1039D000D2F86432002B00F0A380D2F860020844D1
:1039E000C2F8600229E000BF43F20B05C4F654752B
:1039F000FF35AB4218D11004069D0FD490061CD59C
:103A00002020886019E000BF43F20B00069DC4F639
:103A10005470834215D312F4004012D04FF400408A
:103A2000886038070FD43DE0069D34B9DAF8641297
:103A300019B90021049A07F013F850464946FFF7D8
:103A4000EBFD38072ED505EB08000821816043F215
:103A50000B01DAF80000C4F65471056C40448D4245
:103A600081680BD311F4004108D04FF4004181600C
:103A7000504600F0F1FD069D0AE000BF504600F000
:103A8000EBFD43F20B00C4F654708542069D09D34A
:103A90009AF80600012805D1DAF800000121049AFD
:103AA00006F0DEFFF80607D4B8070BD4B80624D416
:103AB000B8047FF54FAF27E005EB080010218160C7
:103AC000B807F3D56869000604D50599486840F43D
:103AD000806048600AEB040090F85712012906D173
:103AE000002180F857125046494600F001FC05EBD2
:103AF000080002218160B806DAD505EB0800202114
:103B00008160B8047FF526AF05EB08004FF4005143
:103B100081601FE720208860069D380793D4C1E7A5
:103B2000012187E7DAF8000007F0FEFA400340F1D0
:103B3000E180DAF8000007F0CBFA002800F0DA8024
:103B40000646069800F5106900250AF11400049055
:103B50000AF29C400290CDF80C9004E0760805F142
:103B6000010500F0C780F007F8D0EFB2DAF80000E6
:103B7000394607F0BDFA0446C0070BD1200735D4FB
:103B8000E00639D460063DD4A00741D42006E5D52F
:103B900058E000BF059B05F00F004FF0010C09EB4A
:103BA00045120CFA00F0596B21EA00005863C2F884
:103BB00008C09AF80600012812D105EBC500049947
:103BC00001EB8000D0E902121144C16045B90069DF
:103BD00030B9DAF800000121029A06F041FF00BF77
:103BE00050463946FFF70CFD2007C9D509EB4510B3
:103BF00008218160E006C5D509EB451010218160E0
:103C00006006C1D509EB451040218160A007BDD5F4
:103C10000698294607F0E8F905EBC500049901EB81
:103C2000800010F8031F012905D1002101705046C2
:103C3000394600F059FB09EB45100221816020064E
:103C40007FF58CAF05EBC500049901EB8008D8E93E
:103C500004108142FFF482AFDAF800400A1AD8F863
:103C600008309A4238BF134604EB451203F1030CA7
:103C7000D2F818399BB2B3EB9C0F2BD302F5106925
:103C8000D8F81010814223D9081A9AF80620D8E9EA
:103C900002B1584538BF8346009220461FFA8BF385
:103CA0003A4607F0F1FCD8F80C00D8F81410584444
:103CB000C8F80C0001EB0B00C8F814000BF103016D
:103CC000D9F8182092B2B2EB910FD9D2D8F81010CF
:103CD000DDF80C9081423FF641AF05F00F00012165
:103CE00001FA00F0D4F8341821EA0000C4F83408CE
:103CF00034E700BFDAF8000007F016FA00280DD408
:103D0000DAF80000069D07F00FFA000526D4DAF86D
:103D1000000007F009FA000131D43CE00599486839
:103D200020F0010048609AF8CC04012808D1002056
:103D30008AF8CC0400215046FFF7EEFB03E000BFF9
:103D4000504600F06DFCDAF80000069D416901F074
:103D50000041416107F0E8F90005D8D50598806871
:103D6000C00702D0504600F09FFCDAF8000041691D
:103D700001F40061416107F0D7F900010BD5DAF8D1
:103D80000000416901F0006141619AF8CC1499B1D9
:103D9000504600F089FCDAF8000007F0C5F9C004CD
:103DA0001BD4DAF8000007F0BFF98004DAF800004D
:103DB00000F10E8127E100BF01218AF8CC14406D8B
:103DC000C0F38300CAF8D0045046FFF7A5FBDAF829
:103DD000000007F0A9F9C004E3D50599486820F070
:103DE00001004860DAF80000102107F0FDF89AF8A9
:103DF0000400010600F0BB80C1B200F003000429FA
:103E000002D2002167E000BF6FF06002002302EAE7
:103E100041124FF67F370021EE1880339A4201F1AC
:103E20000401C6F80879D6F8005925F40015C6F83B
:103E30000059C6F8087BD6F8005B25F40015C6F8D3
:103E4000005BD6F8005B45F00065C6F8005BC6F87D
:103E50002879D6F8205925F40015C6F82059C6F857
:103E6000287BD6F8205B25F40015C6F8205BD6F831
:103E7000205B45F00065C6F8205BC6F84879D6F8A7
:103E8000405925F40015C6F84059C6F8487BD6F8C5
:103E9000405B25F40015C6F8405BD6F8405B45F062
:103EA0000065C6F8405BC6F86879D6F8605925F415
:103EB0000015C6F86059C6F8687BD6F8605B25F433
:103EC0000015C6F8605BD6F8605B45F00065C6F883
:103ED000605B069DA0D1002849D005F5106305F56B
:103EE000306203EB41164FF67F374D010128B76072
:103EF00002EB41145E5926F400165E51A760565934
:103F000026F400165651565946F000665651069D45
:103F10002DD04E1C02284FEA461403EB461502EB47
:103F20004616AF601D5925F400151D51069DB7605A
:103F3000175927F400171751175947F0006010510F
:103F400015D0881C4FF67F36470103EB401102EB7A
:103F500040108E60D95921F40011D9518660D05992
:103F600020F40010D051D05940F00060D051059F8E
:103F700084214422F86940F00110F8619AF80F009A
:103F800000284FF00B0008BF142104BF42F22B00A1
:103F900010227B5818437850B85840F00B00B850A6
:103FA00038680AF29C4220F4FE6038609AF80610E5
:103FB000DAF8000006F054FDDAF80000416901F477
:103FC0008051416107F0B0F88004DAF800001AD59A
:103FD00006F02AF9DAF8000007F066F88AF8070018
:103FE000DAF8004001F060FB9AF80720014620460D
:103FF00007F0BEFA504600F0FBFADAF8000041691B
:1040000001F40051416107F08FF8000706D4DAF897
:10401000000007F089F800060ED4BCE0504600F01E
:1040200003FBDAF80000416901F00801416107F083
:104030007BF8000640F1AF80A86920F08000A861FD
:104040009AF80400C1B20229C0F0A5804FF0FF31F8
:104050006FF0010252FA80F251FA80F1032A01F066
:10406000030001D201215BE00AF27B2721F003016A
:1040700005F5386300223E4605E000BF0432803378
:10408000914237464AD016F8905B012D0CD097F834
:104090002450012D18D097F84850012D24D097F8BE
:1040A0006C70012FEAD12FE053F8605C45F0006599
:1040B00043F8605C53F8605C45F0804543F8605C11
:1040C00097F82450012DE6D153F8405C45F0006587
:1040D00043F8405C53F8405C45F0804543F8405C51
:1040E00097F84850012DDAD153F8205C45F000656F
:1040F00043F8205C53F8205C45F0804543F8205C91
:1041000097F86C70012FB9D11F6847F000671F60E6
:104110001F6847F080471F60B0E700BF511C069D35
:10412000C8B301EBC1020AF5157303EB8202D27822
:10413000012A05F5306208D14F01D65946F00066D4
:10414000D651D65946F08046D651012823D04F1C6F
:1041500007EBC70603EB8606F678012E08D17F0130
:10416000D65946F00066D651D65946F08046D6510B
:10417000022810D0881C00EBC00103EB8101C97834
:10418000012908D14001115841F000611150115826
:1041900041F080411150DAF8000006F0C5FFC0027E
:1041A0004CD4DAF8000006F0BFFF800240F17E80B8
:1041B0009AF80410022928D305F5326001390AF56E
:1041C0001F72012306E000BF013900F1200002F157
:1041D00024021AD007681678012EF5D1B7F1FF3FF7
:1041E000F2DCDAF8D46486EA1747FF07ECD102F86C
:1041F000013CAF6947F08007AF616F693F06E3D4C8
:104200000599486840F400704860DAF80000416998
:1042100001F40011416106F087FF40004CD5504683
:10422000FFF7EAF9DAF80000416901F080414161E5
:1042300006F07AFF40077FF51CAB44E09AF80400D3
:10424000022827D306990AF1140401F512650AF130
:104250003B064FF00108012706E000BF013720357B
:10426000874206F1240615D229687278012AF5D111
:10427000B1F1FF3FF2DC07F00F0086F8008000EBA1
:10428000C00004EB8001DAF8000006F089FD9AF81E
:104290000400E3E7DAF80000416901F480114161AC
:1042A000069D06F041FF80023FF582AFDAF800007C
:1042B00006F03AFF4000B2D4DAF8000006F034FF0E
:1042C00040077FF5D6AADAF800004468610704D5F4
:1042D0005046FFF7ADF9DAF800004168214341602C
:1042E00007B0BDE8F08F0000D0F8E00405F018BB7F
:1042F000D0F8E00405F02CBB002800F02781F0B5D1
:1043000081B0044690F8950428B9002084F89404FC
:10431000204600F031F9032084F89504206806F067
:1043200097FBD4E90001267CD4E90223009605F02E
:104330008BFF002840F004812068002106F050FF28
:10434000002840F0FD8094F804E0BEF1000F00F07A
:10435000EE80BEF1040F0EF0030C4FF0000241D3CB
:104360000EF0FC03A4F1900003250121EE1E80F85D
:10437000A460A0F8BE60AE1E80F8C8606F1CA0F8F4
:10438000E2606E1E80F8EC609F42A0F8066105F1C5
:10439000040680F8A51080F8A820C0E92B22C0F8F8
:1043A000B42080F8C91080F8CC20C0E93422C0F8CD
:1043B000D82080F8ED1080F8F020C0E93D22C0F848
:1043C000FC2080F8111180F81051A0F82A513546D0
:1043D00080F81421C0E94622C0F8202100F19000A5
:1043E000C4D1F21EBCF1000F32D002EBC20104F1C5
:1043F00014000123BCF1010F00EB810500F821201E
:104400004FF000016B706A832971C5E902112961BF
:104410001ED0551CBCF1020F05EBC50600EB86074C
:1044200000F826507B707D833971C7E9021139612C
:104430000ED0911C012501EBC10200EB820300F8B4
:10444000221000205D7059831871C3E902001861C1
:10445000BEF1000F6BD0BEF1040F4FF0000236D357
:104460000EF0FC0003232146DF1E81F854729F1ECC
:1044700081F878725F1E81F89C725F1C1D1D81F8A7
:104480005522874281F85822C1E99722C1F8642257
:1044900081F8792281F87C22C1E9A022C1F8882222
:1044A00081F89D2281F8A022C1E9A922C1F8AC229D
:1044B00081F8C12281F8C0322B4681F8C422C1E9BB
:1044C000B222C1F8D02201F19001CDD1EA1EBCF197
:1044D000000F2CD002EBC20304F515700021BCF1D3
:1044E000010F00EB830700F8232079703971C7E9C9
:1044F000021139611BD0531CBCF1020F03EBC3073F
:1045000000EB870600F8273071703171C6E902119F
:1045100031610CD0911C002701EBC10200EB82033A
:1045200000F822105F701F71C3E902771F61D4E9A0
:104530000001277CD4E90223009706F031F838B156
:10454000022084F89504012001B0F0BD01207047DD
:1045500000206074012084F89504207B012802D19A
:104560002046FEF7C5FF206806F00AF8002001B0DB
:10457000F0BD00000000000010B5B0B002A9044674
:1045800001F10800B021FBF715FF00212068C4F2FB
:104590000401884202D030B010BD00BF002003905B
:1045A0004FF4802002904FF44010239002A800F0B6
:1045B0000FFA08B1FCF738F800F0BAF844F2D84026
:1045C0000022C5F60200016841F000710160006838
:1045D000002100F00070019001984D20FEF748FF87
:1045E0004D20FEF731FF30B010BD0000000000008C
:1045F00010B50446C07928B1022801D0FCF714F8A0
:10460000012100E00021D4F8E00405F031FAD4F8EB
:10461000E004BDE8104005F0DBB900000000000038
:10462000D0F8E00405F008BAD0F8E00405F010BABC
:1046300090F89424012A01D10220704710B501227C
:1046400080F89424417404460268104606F07CFF0A
:10465000002084F8940410BDD0F8E02400F29C41BE
:10466000104605F01DBA000010B5044690F89404F9
:10467000012801D1022010BD2068012184F8941482
:10468000C168490606D5617B012903D1816B41F4DC
:104690008031816306F0A0FC206805F061FF0020F6
:1046A00084F8940410BD000010B50446D0F8E0046E
:1046B00005F052FA2068D0F8001E41F00101C0F860
:1046C000001EE07A002808BF10BD4EF61050CEF252
:1046D0000000016841F00601016010BD000000000B
:1046E000B0B544F60C05C5F60205296849072968E6
:1046F00006D401F00701081A18BF0120B0BD00BFA1
:1047000021F0070108432860FEF702FE044600BFBF
:1047100055F8080C800407D4FEF7FAFD001BB0F52D
:104720007A7FF5D90120B0BD0020B0BD00000000A7
:1047300044F60C00C5F60200016841F0807101608A
:10474000704700000000000080B500F0ADFF44F2AB
:1047500020414CF61422C5F60201C0F60002096899
:10476000C1F30211515C01F01F01C84080BD00007F
:1047700080B544F2384EC5F6020E5EF8103C5EF885
:10478000101C5EF80C2CC1F3053CDEF80410BCF1E3
:10479000000F15D0C908D20601EAE2716FF35F314C
:1047A00000EE101A03F003010229B8EE400A0DD002
:1047B00081B95EF8381C890610D49FED361A1BE0CB
:1047C00000218160C0E9001180BD00BF9FED301A5B
:1047D00012E000BF9FED2D1A0EE000BF5EF8381CFE
:1047E00049F20002C0F2D032C1F3C10122FA01F154
:1047F00001EE101AB8EE411ADEF800109FED263ACD
:104800006FF35F2102EE101ADEF80010C1F34621AB
:10481000B8EE422A00EE032A00EE10CAB7EE003AC4
:10482000B8EE400A81EE000A32EE031A02EE101AC8
:10483000B8EE422A20EE010A32EE031A80EE011A87
:10484000BCEEC11A80ED001ADEF80010C1F306417B
:1048500001EE101AB8EE411A31EE031A80EE011A79
:10486000BCEEC11A80ED011ADEF80010C1F306613A
:1048700001EE101AB8EE411A31EE031A80EE010A69
:10488000BCEEC00A10EE101A816080BD0024744A8C
:10489000001BB74B0024744C0000003900000000DE
:1048A00080B544F2404EC5F6020E5EF8183C5EF844
:1048B000181C5EF8142CC1F3055CDEF80410BCF182
:1048C000000F15D0C908D20501EAE2716FF35F311C
:1048D00000EE101A03F003010229B8EE400A0DD0D1
:1048E00081B95EF8401C890610D49FED361A1BE092
:1048F00000218160C0E9001180BD00BF9FED301A2A
:1049000012E000BF9FED2D1A0EE000BF5EF8401CC4
:1049100049F20002C0F2D032C1F3C10122FA01F122
:1049200001EE101AB8EE411ADEF800109FED263A9B
:104930006FF35F2102EE101ADEF80010C1F346217A
:10494000B8EE422A00EE032A00EE10CAB7EE003A93
:10495000B8EE400A81EE000A32EE031A02EE101A97
:10496000B8EE422A20EE010A32EE031A80EE011A56
:10497000BCEEC11A80ED001ADEF80010C1F306414A
:1049800001EE101AB8EE411A31EE031A80EE011A48
:10499000BCEEC11A80ED011ADEF80010C1F3066109
:1049A00001EE101AB8EE411A31EE031A80EE010A38
:1049B000BCEEC00A10EE101A816080BD0024744A5B
:1049C000001BB74B0024744C0000003900000000AD
:1049D0002DE9F0470446C07844F22C480007C5F69C
:1049E000020828D5606E4FEA305103292AD8DFE843
:1049F00001F0030B131B00BFD8F8001041F4003185
:104A0000C8F8001010E000BF04F10800022103F014
:104A10008FF9064680B906E004F12800022103F070
:104A20001BFA064640B9606ED8F8241021F44011F4
:104A30000843C8F8240000266078C00706D1354630
:104A40002FE000BF01266078C007F8D0A06D0428D1
:104A50003ED83546DFE800F004140E0B0B0000BF13
:104A6000D8F80000354640F40030C8F800002F4662
:104A7000C5B90DE004F12800002103F0EDF904E0D0
:104A800004F10800002103F053F905462F464DB903
:104A9000D8F82400A16D20F0070000250843C8F8CD
:104AA00024003746607840073AD5D4F8A4004FEA8E
:104AB0007050052818D8DFE800F0031D11232323C8
:104AC000D8F8000040F40030C8F8000018E000BF3B
:104AD0000125012760784007E7D421E004F1280090
:104AE000002103F0B9F90AE00125012660780007EA
:104AF0001AD44FE004F10800002103F019F905462B
:104B00002E461DB1607800070ED443E0D8F82C0083
:104B1000D4F8A41020F4600000250843C8F82C0045
:104B20003E466078000735D5D4F8A8004FEA3060DB
:104B3000052813D8DFE800F004180C1E1E1E00BF65
:104B4000D8F8000040F40030C8F8000012E000BFC0
:104B500004F12800002103F07FF90AE00125012774
:104B6000E07880071AD434E004F10800002103F053
:104B7000DFF805462F461DB1E07880070ED428E007
:104B8000D8F82C00D4F8A81020F0E06000250843E5
:104B9000C8F82C003746E07880071AD5E06C4FEA59
:104BA0003010032838D8DFE800F009032D0900BFD2
:104BB000D8F8000040F40030C8F800002E464DB987
:104BC000D8F82000E16C20F0300000250843C8F838
:104BD00020003E466078C00639D5E06D4FEA30309F
:104BE000042847D8DFE800F004221C0A0A0000BFAE
:104BF000D8F8000040F40030C8F800002F463DBB54
:104C00001CE000BF04F10800022103F091F8054602
:104C1000002D2E46DED1D3E701250126DAE700BFBD
:104C200004F12800002103F017F904E004F1080062
:104C3000002103F07DF805462F464DB9D8F8240031
:104C4000E16D20F4E04000250843C8F82400374611
:104C50006078800635D5206E4FEA3040052815D89B
:104C6000DFE800F0041A0E04040400BF2E46DDB98C
:104C70001EE000BF0125012760788006EBD420E00C
:104C800004F12800012103F0E7F80AE001250126DC
:104C90006078400619D449E004F10800012103F0CE
:104CA00047F805462E461DB1607840060DD43DE01C
:104CB000D8F82400216E20F4E02000250843C8F82D
:104CC00024003E466078400630D5D4F8AC004FEA68
:104CD000307005280ED8DFE800F003130703030344
:104CE0002F46ADB918E000BF04F12800012103F000
:104CF000B3F80AE001250127607800061AD43CE0E9
:104D000004F10800012103F013F805462F461DB1F8
:104D1000607800060ED430E0D8F82C00D4F8AC103F
:104D200020F0E04000250843C8F82C0037466078A2
:104D3000000622D5E06E58B1B0F1005F0CD0B0F1A2
:104D4000805F37D1D8F8000040F40030C8F8000088
:104D50002E469DB908E000BF04F10800012102F0D1
:104D6000E7FF05462E464DB9D8F82400E16E20F045
:104D7000405000250843C8F824003E46E078C007AC
:104D80001DD0A06C032855D8DFE800F008024A08BF
:104D9000D8F8000040F40030C8F80000A9467DB9FA
:104DA000D8F82000A16C20F0030000250843C8F8C3
:104DB000200004E001250126E078C007E1D1B146DA
:104DC000A078400602D44F4618E000BFD8F8D403BC
:104DD00040F48070C8F8D403FEF79AFA064600BF84
:104DE000D8F8D403C00507D4FEF792FA801B6428D4
:104DF000F6D90325032701E02F46FDB12078C0072F
:104E000000F06F80A06F4FEAF00005284ED8DFE871
:104E100000F0035347030303002D2E4654D157E0FF
:104E200004F10800022102F083FF0546002DA94687
:104E3000C6D1B5E701254FF00109C1E7D8F8441004
:104E4000D4F8B000414011F4407F11D0D8F844109C
:104E5000D8F8442042F48032C8F84420D8F84420DE
:104E600021F4407122F48032C8F84420C8F844107C
:104E7000B0F5807F40F0D082FEF74AFA064641F254
:104E8000883A0325032700BFD8F84400800700F1C3
:104E9000C182FEF73DFA801B5045F5D9AEE700BF51
:104EA00004F12800012102F0D7FF0AE001250126C4
:104EB0002078800719D446E004F10800012102F0AF
:104EC00037FF05462E461DB1207880070DD43AE005
:104ED000D8F82800A16F20F0380000250843C8F852
:104EE00028003E46207880072DD5606F05280FD812
:104EF000DFE800F004140804040400BF2F46ADB935
:104F000018E000BF04F12800012102F0A5FF0AE02B
:104F1000012501272078400719D447E004F1080053
:104F2000012102F005FF05462F461DB120784007FC
:104F30000DD43BE0D8F82800616F20F00700002571
:104F40000843C8F828003746207840072ED5D4F803
:104F5000900005280ED8DFE800F0031307030303D1
:104F60002E46ADB918E000BF04F12800012102F07F
:104F700073FF0AE001250126207880061AD44BE051
:104F800004F10800012102F0D3FE05462E461DB1B2
:104F9000207880060ED43FE0D8F82C00D4F890108A
:104FA00020F0070000250843C8F82C003E46207872
:104FB000800631D5D4F88C004FEA307005280FD820
:104FC000DFE800F004140804040400BF2F46ADB964
:104FD00018E000BF04F12800022102F03DFF0AE0C2
:104FE00001250127207840061AD44BE004F108007F
:104FF000002102F09DFE05462F461DB12078400697
:105000000ED43FE0D8F82800D4F88C1020F0E0400F
:1050100000250843C8F8280037462078400631D5D7
:10502000D4F898004FEAB02005280FD8DFE800F048
:1050300004140804040400BF2E46ADB918E000BFF4
:1050400004F12800022102F007FF0AE001250126F1
:10505000207800061AD44EE004F10800002102F086
:1050600067FE05462E461DB1207800060ED442E0AC
:10507000D8F82C00D4F8981020F4E050002508430C
:10508000C8F82C003E462078000634D5D4F89C00A1
:105090004FEA7030052815D8DFE800F0041A0E0436
:1050A000040400BF2F46E5B12068010727D4C106DC
:1050B0003ED4000355D477E004F12800022102F029
:1050C000CBFE0AE00125012720680107EFD516E095
:1050D00004F10800002102F02BFE0546002D2F46AA
:1050E000E2D1D8F82C00D4F89C1020F460400025C0
:1050F0000843C8F82C00374620680107D7D5D4F8F4
:105100008000B0F5805F09D104F12800022102F08F
:10511000A3FE002818BF0127D4F88000D8F8281073
:1051200021F440510843C8F828002068C106C0D5C2
:10513000D4F89400B0F5807F09D104F12800022151
:1051400002F08AFE002818BF0127D4F89400D8F88E
:105150002C1021F440710843C8F82C00206800038B
:1051600022D5D4F8A000B0F5003F11D0B0F5803FB3
:1051700008D0002844D104F10800002102F0D8FD35
:1051800005E000BF04F12800022102F065FE05469B
:105190002E4655B9D8F82C00D4F8A01020F4403091
:1051A00000250843C8F82C003E46A07840072CD5BF
:1051B000D4F88400B0F5401F0BD0B0F5001F0BD021
:1051C000B0F5801F2AD1D8F8000040F40030C8F8AC
:1051D00000002F46D5B907E004F12800012102F0B4
:1051E0003BFE05462F468DB9D8F82800D4F8841028
:1051F00020F4401000250843C8F8280005E000BF4F
:1052000001250126A0784007D2D43746A078C007F0
:1052100009D13E462168880015D532E001250127D5
:10522000A078C007F5D0206DB0F5803F10D018BB36
:10523000D8F8000040F40030C8F800002E4685B1D0
:10524000216888001DD460688A0326D465E000BF09
:1052500004F10800022102F06BFD0546002D2E46E8
:10526000EED1D8F82000216D20F4803000250843CD
:10527000C8F82000CDE700BF01250126216888007D
:10528000E1D504F12800022102F0E6FD002818BF54
:105290000126D4E900108A033FD5E26F6FF00103C5
:1052A00003EB3223022B0BD34FEA322343B1012B02
:1052B00040F0AA80D8F8003043F40033C8F800303A
:1052C00025B3CA022CD48A0234D44A003CD4CA0F73
:1052D00049D1090251D4C1075AD1810763D441078A
:1052E0006CD4010776D4C10600F18080800607D512
:1052F00004F12800022102F0AFFD002818BF0125AB
:10530000002D18BF01252846BDE8F087D8F82830C1
:1053100023F440731A43C8F828203546CA02D2D570
:10532000D8F82420236F22F000421A43C8F8242022
:105330008A02CAD5D8F82420A36E22F080721A43BC
:10534000C8F824204A00C2D558F81C2C22F4004288
:1053500048F81C2CD4F8B42058F81C3C1A4348F8E0
:105360001C2CCA0FB5D0D8F82020636D22F0405213
:105370001A43C8F820200902ADD5D8F82810D4F86F
:10538000882021F440011143C8F82810C107A4D097
:1053900004F10800002102F0CBFC002818BF0546EC
:1053A000606881079BD504F10800012102F0C0FC70
:1053B000002818BF05466068410792D504F108002F
:1053C000022102F0B5FC002818BF054660680107FD
:1053D0007FF589AF04F12800002102F03DFD00288F
:1053E00018BF05466068C1067FF580AF04F128004C
:1053F000012102F031FD002818BF054660688006D3
:105400003FF576AF7CE700BF0125CA027FF55BAFB1
:1054100086E700BFD4F8B0004FF6CF7358F81C2CC5
:10542000C0F2FF0300F4407122F47C5203EA10132F
:105430006FF31F30B1F5407F08BF1A43002548F8CD
:105440001C2CD8F844100843C8F84400FFF7BBBC34
:105450002DE9F04381B0002800F0208142F20009DC
:105460000446C5F20029D9F8000000F00F00884278
:105470000DD2D9F8000020F00F000843C9F8000051
:10548000D9F8000000F00F00884240F00781206842
:1054900044F218464207C5F602060AD52269336867
:1054A00003F070039A4204D9336823F070031A435F
:1054B000326002070AD56269736803F070039A428A
:1054C00004D9736823F070031A437260C2060AD5C8
:1054D000A269736803F4E0639A4204D9736823F401
:1054E000E0631A43726082060AD5E269B36803F08A
:1054F00070039A4204D9B36823F070031A43B26070
:1055000010F002020AD0E368376807F00F07BB42C9
:1055100004D9376827F00F073B433360C3073FD0F8
:10552000306820F47062D4E901031A433260012824
:1055300056F8182C0AD0032804D002280AD1920366
:105540000BD4ABE0920108D4A8E000BFD20504D48C
:10555000A4E000BF520740F1A180884656F8081C1D
:1055600021F00701084346F8080CFDF7D1FE054677
:1055700041F2883756F8080C616800F03800B0EB4B
:10558000C10F09D0FDF7C4FE401BB842F2D9032079
:1055900001B0BDE8F08300BF2068414600F0020280
:1055A00052B1E268336803F00F039A4204D23368C1
:1055B00023F00F031A433260D9F8002002F00F02E3
:1055C0008A420CD9D9F8002022F00F020A43C9F808
:1055D0000020D9F8002002F00F028A425ED1410774
:1055E0000AD52169326802F07002914204D2326811
:1055F00022F070021143316001070AD561697268B7
:1056000002F07002914204D2726822F070021143DB
:105610007160C1060AD5A169726802F4E062914224
:1056200004D2726822F4E0621143716080060AD5E8
:10563000E069B16801F07001884204D2B16821F0DC
:1056400070010843B06000F0B7F831684CF61422DE
:10565000C0F60002C1F30321515C336803F00F036D
:1056600001F01F01D25C20FA01F102F01F0040F2AC
:105670001002C2F2004221FA00F0106040F208006D
:1056800040F20C02C2F20040C2F200420068116017
:1056900001B0BDE8F043FDF787BE00BF012001B0B7
:1056A000BDE8F0830000000080B500F085F844F20A
:1056B00018414CF61423C5F60201C0F600030A682F
:1056C000C2F303229A5C096801F00F0102F01F0285
:1056D000595C20FA02F201F01F0040F21001C2F200
:1056E000004122FA00F0086040F20C01C2F20041D1
:1056F0000A6080BD0000000080B500F05DF844F253
:10570000184C4CF61423C5F6020CC0F60003DCF866
:105710000020C2F303229A5CDCF8001001F00F01B4
:1057200002F01F02595CD04040F21002C2F2004267
:1057300001F01F0120FA01F1116040F20C02C2F2E7
:1057400000421060DCF80400C0F30210185C00F0A6
:105750001F0021FA00F080BD80B500F02DF844F262
:10576000184C4CF61423C5F6020CC0F60003DCF806
:105770000020C2F303229A5CDCF8001001F00F0154
:1057800002F01F02595CD04040F21002C2F2004207
:1057900001F01F0120FA01F1116040F20C02C2F287
:1057A00000421060DCF80400C0F30220185C00F036
:1057B0001F0021FA00F080BD44F20041C5F602014D
:1057C0000869C0F3C200032816D002280ED098BB87
:1057D0000868800649F20000C0F2D03058BF704718
:1057E0000968C1F3C101C840704700BF43F20060BF
:1057F000C0F26E10704700BF8A6A886AC0F3051C49
:10580000C86ABCF1000F4B6B1CD000F00100404295
:1058100000EAD3006FF35F3000EE100A02F00300DD
:105820000228B8EE400A0FD090B90868800613D459
:105830009FED251A1DE000BF40F60010C0F23D00AC
:10584000704700BF002070479FED1E1A11E000BF97
:105850009FED1B1A0DE000BF086849F20002C0F27C
:10586000D032C0F3C10022FA00F001EE100AB8EE07
:10587000411A086B9FED153A6FF35F2002EE100A94
:10588000086BC0F34620B8EE422A013000EE032A2E
:1058900000EE10CAB7EE003AB8EE400A81EE000AF8
:1058A00032EE031A20EE010A01EE100AB8EE411A98
:1058B00080EE010ABCEEC00A10EE100A704700BF6D
:1058C0000024744A001BB74B0024744C00000039BC
:1058D00070B3F0B581B00446007844F20046C007CA
:1058E000C5F6020626D1207880076AD5306910F007
:1058F0003801B06A42D0182908BF5FEA80703DD0F5
:10590000E0683168002800F02D8121F0190108437A
:105910003060FDF7FDFC0546306840074AD4FDF7CE
:10592000F7FC401B0228F7D9032001B0F0BD00BFEF
:1059300001207047306900F03801B06A102905D0A5
:1059400018290BD100F00300022807D1306880032A
:10595000C9D560680028C6D1AAE000BF6168306878
:10596000002900F03981B1F5A02F00F02D81B1F5AB
:10597000803F40F0478140F4803049E13068400783
:10598000E06802D5002800F09380316821F0190109
:1059900008433060FDF7BCFC054600BF3068400797
:1059A00008D4FDF7B5FC401B02284FF00300F5D9E1
:1059B00001B0F0BD7068216920F0FE4040EA01604E
:1059C00070602078C0061AD5306900F03801B06ADE
:1059D000082907D0182940F0858000F0030001282D
:1059E00040F080803068C00502D5E06980285FD132
:1059F000F068216A20F07C5040EA0160F060207875
:105A000000073FD42078800656D42078400700F164
:105A10008180656A9DB3306900F03800182840F035
:105A20001981012DB16A306B42D001F00302A36AE3
:105A30009A423DD1C1F30511E26A914238D1014643
:105A4000226B6FF35F21013A914231D1C0F34622BC
:105A5000616B01398A422BD1C0F30642A16B013937
:105A60008A4225D1C0F30660E16B013988421FD11B
:105A7000706BA16CC0F3CC00814240F0A581002086
:105A800001B0F0BD60690028706F59D040F001008E
:105A90007067FDF73DFC0546706F8007B2D4FDF7D7
:105AA00037FC401B0228F7D9032001B0F0BD00BF2E
:105AB000012001B0F0BD00BFA0690028306871D09E
:105AC00040F480503060FDF723FC054630688004C8
:105AD0009BD4FDF71DFC401B0228F7D9032001B021
:105AE000F0BD00BFE0690028306800F0A18040F000
:105AF00080003060FDF70CFC054600BF3068C00533
:105B00003FF576AFFDF704FC401B02284FF0030081
:105B1000F4D94DE7D6F8000440F48070C6F80004CC
:105B2000FDF7F6FB054600BFD6F80004C0052BD4F0
:105B3000FDF7EEFB401B6428F6D9032001B0F0BD51
:105B400020F001007067FDF7E3FB0546706F8007EA
:105B50007FF558AFFDF7DCFB401B02284FF0030038
:105B6000F4D925E721F001003060FDF7D1FB0546AF
:105B7000306840077FF525AFFDF7CAFB401B0228C0
:105B80004FF00300F4D913E7A168306F002900F04B
:105B90008B80052900F08080012940F09D8040F035
:105BA00001009FE020F480503060FDF7B1FB054616
:105BB000306880047FF529AFFDF7AAFB401B02285F
:105BC0004FF00300F4D9F3E640F4802030603068F1
:105BD00040F480301CE000BF20F48030306030683A
:105BE00020F480203060FDF793FB05463068800389
:105BF0007FF579AEFDF78CFB401B64284FF0030066
:105C0000F4D9D5E620F480303060306820F480206C
:105C10003060FDF77DFB0546306880033FF563AEDD
:105C2000FDF776FB401B6428F6D9032001B0F0BDD8
:105C300020F080003060FDF76BFB05463068C00542
:105C40007FF5DDAEFDF764FB401B02284FF003003B
:105C5000F4D9ADE6306820F080703060FDF758FB75
:105C6000022D05460CD100BF306880014CD5FDF7F0
:105C70004FFB401B02284FF00300F5D998E600BF08
:105C8000306880017FF5FBAEFDF742FB401B022828
:105C90004FF00300F4D98BE640F004003067306F1A
:105CA00040F001001EE000BF20F001003067306FBF
:105CB00020F004003067FDF72BFB054641F28837E2
:105CC000306F80077FF5A5AEFDF722FB401BB84281
:105CD0004FF00300F4D96BE620F001003067306F1D
:105CE00020F004003067FDF713FB054641F28837CA
:105CF000306F80073FF58DAEFDF70AFB401BB842C1
:105D00004FF00300F4D953E604F12807B06A40F2DB
:105D1000F33188438ECF0843591E40EA02104FF4F6
:105D20007E426FF35F21B06202EB47204FF4FE0228
:105D300080B2E36B0844A16B02EB01414FF0FE42DD
:105D400001F4FE0102EB0362084402F0FE41084444
:105D50003063F06A4FF6F87120F00100F062706B6A
:105D6000A26C884340EAC2007063F06A216C20F0A4
:105D70000C000843F062F06A616C20F002000843F6
:105D8000F062F06A40F48030F062F06A40F4003073
:105D9000F062F06A40F48020F062F06A40F00100A6
:105DA000F062306840F080703060FDF7B1FA044670
:105DB000306880013FF563AEFDF7AAFA001B0228A8
:105DC0004FF00300F4D9F3E5F06A20F00100F0622F
:105DD000FDF79EFA0546FDF79BFAA842FBD0706BD3
:105DE0004FF6F871A26C884340EAC2007063F06A13
:105DF00040F00100F062002001B0F0BD00000000A2
:105E0000411E0020B0EB116F02D00120704700BF8F
:105E10004EF21002F023CEF2000251604EF62351F2
:105E2000CEF200010B7007219060116070470000F6
:105E300070470000000000007047000000000000F4
:105E4000704700000000000090F83C20012A4FF04D
:105E5000020266D0B0B580F83D2040F2004C0268E6
:105E6000C4F2010C42F4806363455368D2F808E041
:105E700002BF23F470034C6823434DF6FF740D6892
:105E8000C4F2000423F07003A24243EA0503536006
:105E900014DC40F2FF73C4F200039A4222DD40F6A4
:105EA0000003C4F200039A422ED040F60043C4F22D
:105EB00000039A4228D041F6000321E04FF6FF7319
:105EC000C4F200039A4213DD0023C4F201039A4294
:105ED0001AD044F20003C4F201039A4214D062457E
:105EE00012D016E0B2F1804F0ED040F2004307E02E
:105EF0004EF20003C4F200039A4205D04EF2004372
:105F0000C4F200039A4204D12EF080038968194339
:105F100091600022012180F83D1080F83C20BDE80E
:105F2000B04010467047000060B310B5044690F8CA
:105F30003D0028B9002084F83C00204600F024F8F9
:105F4000022084F83D002068211D02F0EDF80120B8
:105F500084F8480084F83E0084F83F0084F840004C
:105F600084F8410084F8420084F8430084F8440037
:105F700084F8450084F8460084F8470084F83D0022
:105F8000002010BD0120704710B582B040F600011E
:105F90000068C4F20001884218D040F20041C4F207
:105FA000000188422CD144F2E8400022C5F60200EC
:105FB0001D24016841F0020101600068002100F029
:105FC0000200019001981D2011E000BF44F2E8405A
:105FD0000022C5F602001E24016841F004010160A0
:105FE0000068012100F00400009000981E20FDF7D9
:105FF0003FFA204602B0BDE81040FDF725BA00BFC9
:1060000002B010BD0000000090F83D10012927D11A
:10601000022180F83D1001684DF6FF70C4F20000C7
:106020008142C86840F00100C8601BDC40F2FF708C
:10603000C4F2000081422DDD40F60000C4F20000F1
:1060400081423DD040F60040C4F20000814237D08A
:1060500041F60000C4F20000814231D03CE000BFB4
:10606000012070474FF6FF70C4F2000081421BDD33
:106070000020C4F20100814222D044F20000C4F2A8
:10608000010081421CD040F20040C4F20100814274
:1060900016D021E0B1F1804F12D040F20040C4F29E
:1060A000000081420CD017E04EF20000C4F2000064
:1060B000814205D04EF20040C4F2000081420BD173
:1060C00007228868C0F2010202400020062A18BF99
:1060D000B2F5803F00D17047086840F001000860C9
:1060E000002070470000000090F83C20012A4FF08B
:1060F000020200F0BA8010B580F83D208822D0F866
:1061000000E0CFF6CE72DEF808301A40CEF8082054
:106110000B686F2B0EDDB3F1101F39DAB3F5005F9A
:1061200080F27E80702B00F0C380B3F5805F00F0BA
:106130009380E5E02F2B35DD4F2B3BDC302B00F03F
:106140007F80402B40F0DC8043F6FF72D1F804C022
:10615000C4F20102C968DEF820309645DEF820203E
:1061600022F00102CEF8202040F3CC8044F200025D
:10617000C4F20102964500F0D08044F60002C4F259
:106180000102964500F0C98044F20042C1E000BF20
:106190002F21C0F210018B4248DCB3F1101F4FD009
:1061A000202149E0002B18BF102B49D0202B47D0CD
:1061B000A6E000BF502B5BD0602B40F0A18040F2E6
:1061C00000444EF48062C4F20104D1F804C0C968EE
:1061D000DEF82030A242DEF8202022F01002CEF8B5
:1061E000202002BFDEF8202022F04002CEF820203E
:1061F000DEF8182022F4704242EA013123F0A002B6
:10620000CEF8181042EA0C11CEF820104FF6887222
:10621000DEF80810CFF6CF72114067311AE000BFE8
:106220005AD0B3F5801F0BD06AE000BF3021C0F216
:1062300010018B4204D04021C0F210018B425FD18B
:106240004FF68872DEF80810CFF6CF72114019436E
:1062500041F00701CEF808100022012180F83D101E
:10626000002180F83C10BDE810401046704700BF88
:1062700043F6FF72D1F804C0C4F20102C968DEF827
:1062800020309645DEF8202022F00102CEF82020B2
:1062900060DD44F20002C4F20102964565D044F686
:1062A0000002C4F2010296455FD044F2004258E079
:1062B00001F1040C9CE80C10DEF808101A4321F4DC
:1062C0007F4142EA0C221143CEF80810DEF8081094
:1062D00041F07701BEE700BF01F1040C9CE80C100F
:1062E000DEF808101A4321F47F4142EA0C221143E0
:1062F000CEF80810DEF8081041F48041AAE700BF8C
:106300000122AAE70022C4F20102964505D040F21C
:106310000042C4F20102964505D1DEF8202022F0A9
:106320000402CEF82020DEF8182022F0F00242EA23
:10633000011123F00A02CEF8181042EA0C01CEF83F
:1063400020104FF68872DEF80810CFF6CF72114099
:1063500047317FE70022C4F20102964505D040F2A2
:106360000042C4F20102964505D1DEF8202022F059
:106370000402CEF82020DEF8182022F0F00242EAD3
:10638000011123F00A02CEF8181042EA0C01CEF8EF
:1063900020104FF68872DEF80810CFF6CF72114049
:1063A000573157E700000000704700000000000070
:1063B000F0B581B004460068C5680669B10717D515
:1063C00015F0020114D06FF0020101610121217763
:1063D0008069800704D02046FFF7E6FF06E000BF93
:1063E000204600F09DF8204600F09EF8002020771F
:1063F000700719D515F0040016D020686FF004015D
:10640000016102212177806910F4407F04D0204689
:10641000FFF7CAFF06E000BF204600F081F82046E3
:1064200000F082F800202077300717D515F008001B
:1064300014D020686FF00801016104212177C06940
:10644000800703D02046FFF7AFFF05E0204600F0AD
:1064500067F8204600F068F800202077F00619D58C
:1064600015F0100016D020686FF0100101610821AE
:106470002177C06910F4407F04D02046FFF794FFD5
:1064800006E000BF204600F04BF8204600F04CF834
:1064900000202077F00718BF15F0010006D0206813
:1064A0006FF001010161204600F042F805F080071D
:1064B00016F4025F18BF002F02D1F00509D410E0D6
:1064C00020686FF4025101612046FFF7B5FCF0052A
:1064D00007D537B120686FF4807101612046FFF75E
:1064E000A7FC700609D515F0400006D020686FF0B3
:1064F00040010161204600F0EFF8B0060CD515F020
:10650000200009D020686FF020010161204601B011
:10651000BDE8F040FFF794BC01B0F0BD0000000002
:1065200070470000000000007047000000000000FD
:10653000F0B581B040F200470446C4F2000700689D
:10654000B84240F0B78001F007F841F6483542F212
:106550005C36C2F20045C2F200462846314605F0DC
:10656000CBFB06F58871284605F0C6FB41F6E835F9
:1065700006F54C71C2F20045284605F0BDFB06F554
:106580008861284605F0B8FB40F26015C2F200456C
:10659000687858B141F6E83041F2D461C2F2004067
:1065A000C2F2004105F0B4F90AE000BF41F6E8305C
:1065B00041F2D461C2F20040C2F2004105F028FB72
:1065C00042F22C30A968C2F200409FED401A95EDCE
:1065D000052A9FED3F5A826995ED073A891A95ED94
:1065E000066A00EE101AB0F9000040F2FF11B8EE92
:1065F000C00A20EE010AB7EE001A85ED050A30EE5A
:10660000422A31EE434A82EE052A24EE064AA3EEE0
:10661000024A95ED042A95ED033A85ED064A24EEEB
:10662000022AA3EE002A95ED083AB1EE436A82FEF3
:10663000433AB4EE426A02EE100AF1EE10FA41F665
:10664000E830B8EEC22AC2F2004036FE033A9FEDAF
:10665000216A02EE063A95ED0B2A95ED0D6A31EEB0
:10666000461A85ED0B3A33EE422A82EE052A95ED65
:106670000C5A21EE051A95ED095AA6EE021A95ED6F
:106680000A2A85ED0C1A22EE012AA5EE032A95EDC1
:106690000E5AB1EE456A82FE455AB4EE426AF1EEF8
:1066A00010FA36FE052ABDEEC20A10EE102A06F0D8
:1066B0005BF9206807F5806188421CBF01B0F0BD1E
:1066C00001B0BDE8F04001F043BA00BFDB0F493A2A
:1066D0000AD7233C5077D6BD704700000000000069
:1066E00090F88410012901D1022070472421C0F8BC
:1066F000881001680A680B6822F0005223F0010339
:106700000B60002343660A602021C0F8881080F8DF
:106710008430002070470000704700000000000037
:10672000704700000000000090F88420012A01D189
:106730000220704770B52422C0F888200268D0F883
:1067400064E0BEF1000FD2F800C0136823F001032B
:106750001360936823F0606341EA0301916019D0EC
:1067600091684CF64C2E9368C0F6000E5B0F4CF609
:106770005425C1F34266C0F600051EF80340E95CEB
:106780002301B3FBF1F11EF80630AE5D1B01B3FB34
:10679000F6F301E001210123A0F86A102021A0F8FE
:1067A0006830C2F800C0C0F88810002180F884105A
:1067B000002070BD0000000090F88420012A01D163
:1067C0000220704770B52422C0F888200268D0F8F3
:1067D00064E0BEF1000FD2F800C0136823F001039B
:1067E0001360936823F0604341EA0301916019D07C
:1067F00091684CF64C2E9368C0F6000E5B0F4CF679
:106800005425C1F34266C0F600051EF80340E95C5A
:106810002301B3FBF1F11EF80630AE5D1B01B3FBA3
:10682000F6F301E001210123A0F86A102021A0F86D
:106830006830C2F800C0C0F88810002180F88410C9
:10684000002070BD00000000704700000000000044
:1068500070470000000000007047000000000000CA
:1068600070B5016840F62F02CB691A40202A0A68E9
:106870008E680BD102F0200406F080552D1917D038
:10688000416F69B3BDE87040084700BF40F60F058F
:106890002B420DD0012540F22014C1F20005C0F2B8
:1068A000004406EA050C02EA040515EB0C0525D1A7
:1068B000DD06C46E16D5012C14D112F0100511D0CE
:1068C00010220A628968490666D4B0F85C10B0F8F4
:1068D0005E20B0F85E30002B18BF914240F0688215
:1068E00070BD00BFDD0215D516F4800512D04FF43F
:1068F00080120A62BDE87040FFF7AABFDD0718BF2B
:1069000012F4807540F02A819D0706F0010E00F117
:1069100031813AE1190606D502F0800106F400063D
:10692000891940F0CB82590640F10C8112F04001E8
:1069300000F00881016851E8001F026821F0400161
:1069400042E80013F3B1016851E8001F026821F02A
:10695000400142E80013002B1FBF016851E8001FEF
:10696000026821F040011CBF42E80013002B09D04F
:10697000016851E8001F026821F0400142E800135D
:10698000002BD7D12021C0F8881000218167BDE8F5
:10699000704000F099BB00BFD0F8802011684B68B0
:1069A000B0F85C4099B2002900F0C280A14280F0AA
:1069B000BF80A0F85E30D169B1F5807F00F0AC8077
:1069C000016851E8001F026821F4807142E8001359
:1069D000F3B1016851E8001F026821F4807142E8B8
:1069E0000013002B1FBF016851E8001F026821F44B
:1069F00080711CBF42E80013002B09D0016851E8E8
:106A0000001F026821F4807142E80013002BD7D1E7
:106A1000016851E8021F026821F0010142E80213F7
:106A2000F3B1016851E8021F026821F0010142E858
:106A30000213002B1FBF016851E8021F026821F0FA
:106A400001011CBF42E80213002B09D0016851E884
:106A5000021F026821F0010142E80213002BD7D186
:106A6000016851E8021F026821F0400142E8021368
:106A7000F3B1016851E8021F026821F0400142E8C9
:106A80000213002B1FBF016851E8021F026821F0AA
:106A900040011CBF42E80213002B09D0016851E8F5
:106AA000021F026821F0400142E80213002BD7D1F7
:106AB0002021C0F88C100021C166016851E8001F38
:106AC000026821F0100142E80013F3B1016851E8B7
:106AD000001F026821F0100142E80013002B1FBFC5
:106AE000016851E8001F026821F010011CBF42E854
:106AF0000013002B09D0016851E8001F026821F043
:106B0000100142E80013002BD7D1D0F880100446C2
:106B10000846F9F7BDFD204602210167B0F85C1078
:106B2000B0F85E20891A89B2BDE87040FFF7F4BD65
:106B30008C427FF4D5AED269B2F5807F7FF4D0AEBF
:106B4000B6E100BF190240F1C58112F0804100F0AA
:106B5000C181BDE87040FFF777BE00BF01250D621F
:106B6000D0F8905045F00105C0F890509D0706F010
:106B7000010E0AD5BEF1000F07D002240C62D0F836
:106B8000904044F00404C0F890405C070AD5BEF180
:106B9000000F07D004250D62D0F8905045F0020593
:106BA000C0F890501D070CD502F0200555EA0C05E1
:106BB00007D008250D62D0F8905045F00805C0F8C0
:106BC00090501D050BD512F0806508D04FF400657C
:106BD0000D62D0F8905045F02005C0F89050D0F8E4
:106BE0009050002D3FF47CAE9B060BD502F02002A6
:106BF00006F08053D21805D0426F1AB10446904770
:106C000020462168D0F89020896801F0400102F008
:106C10002802891806D10446FFF71EFE0020C4F89A
:106C2000900070BD016851E8001F026821F4907166
:106C300042E80013F3B1016851E8001F026821F433
:106C4000907142E80013002B1FBF016851E8001F3C
:106C5000026821F490711CBF42E80013002B09D098
:106C6000016851E8001F026821F4907142E80013A6
:106C7000002BD7D14FF6FE71CEF6FF71026852E8B5
:106C8000022F03680A4043E80226DEB1026852E898
:106C9000022F03680A4043E80226002E1FBF026845
:106CA00052E8022F03680A401CBF43E80226002E68
:106CB00008D0026852E8022F03680A4043E802261F
:106CC000002EDBD1C16E012927D1016851E8001FD8
:106CD000026821F0100142E80013F3B1016851E8A5
:106CE000001F026821F0100142E80013002B1FBFB3
:106CF000016851E8001F026821F010011CBF42E842
:106D00000013002B09D0016851E8001F026821F030
:106D1000100142E80013002BD7D12021C0F88C10BD
:106D20000021C166026841679168490640F1CE8042
:106D3000016851E8021F026821F0400142E8021395
:106D4000F3B1016851E8021F026821F0400142E8F6
:106D50000213002B1FBF016851E8021F026821F0D7
:106D600040011CBF42E80213002B09D0016851E822
:106D7000021F026821F0400142E80213002BD7D124
:106D8000D0F88010002900F0A18048F2015204469A
:106D90000846C0F600020A65F9F70EFF00283FF426
:106DA0009FADD4F88000016DBDE87040084700BF7A
:106DB000891A026852E8002F036822F4907243E8AF
:106DC0000026F6B1026852E8002F036822F49072A0
:106DD00043E80026002E1FBF026852E8002F036818
:106DE00022F490721CBF43E80026002E09D00268EE
:106DF00052E8002F036822F4907243E80026002E28
:106E0000D7D14FF6FE72CEF6FF72036853E8023F09
:106E10000668134046E80235DDB1036853E8023FD7
:106E20000668134046E80235002D1FBF036853E88B
:106E3000023F066813401CBF46E80235002D08D00B
:106E4000036853E8023F0668134046E80235002D08
:106E5000DBD12022C0F88C200022C2664267026883
:106E600052E8002F036822F0100243E80026F6B132
:106E7000026852E8002F036822F0100243E800265F
:106E8000002E1FBF026852E8002F036822F0100294
:106E90001CBF43E80026002E09D0026852E8002FEC
:106EA000036822F0100243E80026002ED7D189B2F1
:106EB00002220267BDE87040FFF72EBC816F0029F7
:106EC0003FF40EADBDE87040084700BFBDE870401C
:106ED000FFF7C2BCD9017FF503ADB2F1FF3FC8BFD8
:106EE00070BDBDE87040FFF71BBC00000000000053
:106EF00010B5D8B10446D0F8880028B9002084F82D
:106F00008400204600F028F82420C4F88800206877
:106F1000A16A0268002922F00101016002D0204626
:106F200001F0C6F9204601F0EFFA08B1012010BDCA
:106F30002068416821F490414160816821F02A0174
:106F40008160016841F0010101602046BDE8104008
:106F500001F01EBA000000002DE9F041B6B0044671
:106F600002A8B8210025CDE93455CDE93255319537
:106F7000F9F720FA41F600412068C4F20101884285
:106F800038D047F60001C4F20001884240F09780F3
:106F900002A80024039402250295FDF719FD08B10B
:106FA000F9F742FB44F2E040C5F60200816841F087
:106FB00080418160816801F08041019101990168FF
:106FC00041F010010160006831A900F0100001904B
:106FD00001984FF4C070CDE931050720359041F29A
:106FE0000000C5F60200CDE93344FCF795F85224C1
:106FF0005DE000BF0120029002A80395FDF7E8FCC8
:1070000008B1F9F711FB44F2E04041F20005C5F682
:107010000200C5F6020531AE4FF0020801690027F3
:1070200041F080010161016901F080010191019944
:10703000016841F0100101600068314600F0100065
:10704000019001980420319035902846CDF8C880F1
:10705000CDE93377FCF760F808203146CDE93108F7
:107060000B2035902846CDE93377FCF755F841F6EB
:10707000D0251020C2F20045C4F20200286077201B
:1070800068604020C5E902074FF48060C5E9040745
:107090004FF48030C5E908072846C5E90677FAF7B6
:1070A000FBFA08B1F9F7C0FAE567AC639C2400214C
:1070B00000222046FCF7DCF92046FCF7C5F936B083
:1070C000BDE8F081000000007047000000000000F3
:1070D000FEE700000000000080B582B044F2D84016
:1070E0000022C5F60200016841F00101016000685C
:1070F000002100F00100019001980B20FCF7B8F985
:107100000B2002B0BDE88040FCF79EB900000000F3
:1071100080B541F648304AF20001C2F20040C4F2A4
:10712000000100F1500E142301603B21C0E9071358
:1071300002214FF440724FF0000C8361C0E9022C31
:107140000122028282740A23426142620D2281621C
:10715000C0E90B21C0F834C00422C0E90E22C0E906
:107160001032C0E912328EE80E00C0E91733C0E9D0
:1071700019C2FBF719FA002808BF80BDBDE880409E
:10718000F9F752BA0000000080B541F6E8304AF243
:107190000041C2F20040C4F2000100F1500E14237D
:1071A00001603B21C0E9071302214FF440724FF008
:1071B000000C8361C0E9022C0122028282740A233E
:1071C000426142620D228162C0E90B214FF480725C
:1071D00042630422C0E90E22C0E91032C0E9123233
:1071E0008EE80E00C0E91733C0E919C2FBF7DCF9DD
:1071F000002808BF80BDBDE88040F9F715BA00003F
:1072000070B586B044F2E0400026C5F6020005964F
:10721000CDE90366CDE90166016840F6000441F05E
:10722000100101600168C5F6020401F0100100912F
:107230000099016841F0040101600168002201F039
:10724000040100910099016841F08001016001682A
:107250004FF4604501F0800100910099016841F010
:1072600001010160016801F00101009100990168CC
:1072700041F008010160016801F0080100910099E6
:10728000016841F00201016000684FF4604100F0C4
:107290000200009000982046FCF732F8019501ADFD
:1072A00001202946CDE9020620460496FBF734FF6B
:1072B0004FF4C060019002202946CDE90206072064
:1072C0000590A4F500600496FBF726FF06B070BD9C
:1072D00080B588B042F26C1040F20042C2F2004029
:1072E00000210791C4F20002CDE90511029102606C
:1072F000EF22C0E9012142F20F728161C0E903214E
:10730000FEF712FE08B1F9F78FF94FF480500490A0
:1073100042F26C1004A9C2F20040FEF7E5FE08B18B
:10732000F9F782F900200190039042F26C10C2F24A
:10733000004001A9FEF788FD08B1F9F775F908B01A
:1073400080BD00000000000080B588B042F2B81097
:1073500040F60002C2F2004000210791C4F2000290
:10736000CDE9051102910260EF22C0E9012142F24C
:107370000F728161C0E90321FEF7D6FD08B1F9F76C
:1073800053F94FF48050049042F2B81004A9C2F2AD
:107390000040FEF7A9FE08B1F9F746F90020019078
:1073A000039042F2B810C2F2004001A9FEF74CFD72
:1073B00008B1F9F739F908B080BD000000000000FD
:1073C00080B542F2982047F60001C2F20040C4F2B4
:1073D00000010C2201604FF4613141600021C0E9DD
:1073E00002110161C0E90521C0E90711C0E90911D5
:1073F000FFF77EFD08B1F9F717F942F29820002156
:10740000C2F20040FFF7D8F908B1F9F70DF942F2DE
:1074100098200021C2F20040FFF786F908B1F9F781
:1074200003F942F29820C2F20040FFF759F9002810
:1074300008BF80BDBDE88040F9F7F6B80000000045
:1074400080B542F2042041F60041C2F20040C4F28D
:1074500001010C2201604FF4613141600021C0E95B
:1074600002110161C0E90521C0E90711C0E9091154
:10747000FFF73EFD08B1F9F7D7F842F204200021EA
:10748000C2F20040FFF798F908B1F9F7CDF842F2DF
:1074900004200021C2F20040FFF746F908B1F9F7D5
:1074A000C3F842F20420C2F20040FFF719F90028A5
:1074B00008BF80BDBDE88040F9F7B6B80000000005
:1074C00080B541F2F47040F21401C2F20040C2F201
:1074D0000041012202F0E0F808B1F9F7A5F841F205
:1074E000F47040F23801C2F20040C2F2004102F0F2
:1074F00063FB08B1F9F798F841F2F47040F2D40157
:10750000C2F20040C2F2004101F0B6FD08B1F9F745
:107510008BF841F2F470C2F2004002F079FB08B13E
:10752000F9F782F8BDE88040FDF702B900000000DD
:10753000FEE7000000000000FEE700000000000081
:1075400041F68840C2F20040FCF78AB90000000012
:107550007047000000000000F0B581B0FBF7D8FED6
:1075600040F2081140F23407C2F20041C2F2004773
:107570004A68861A1E2E1FD9387849F69A12C3F621
:10758000197200284FF00200087042F25C3040F29D
:107590000001C2F20040C4F2482133D0C0E9141205
:1075A0000023C0E91133C0E95812C0E95533C0E9DE
:1075B000E012C0E9DD3340E040F2A414012008707D
:1075C000C2F2004440F2506172B6C2F2004184221D
:1075D0002046F8F7C8FE62B642F25C30A178C2F2EB
:1075E0000040002966D0012954D0022964D104F159
:1075F000080594ED060A2ECDC0E91012C0E9143535
:1076000069E000BFC0E91412036A03640023D0F8E4
:107610003041C0E91133C0E95812C0E95443C0F801
:107620005831C0E9E012D0F85013C0F87833C0E9FF
:10763000DC13D0F86014C0F8801442F25C333A785E
:10764000C2F20043002049F69A11C4F24820C3F662
:107650001971002A4FF00002C3F89004C3F8941483
:10766000C3F88424C3F888240BD141F2D4639FED7E
:10767000A21AC2F2004393ED090A20EE010A83ED3B
:10768000020A41F2D463C2F20043C3E90601C3E92E
:10769000032228E1A1680022C0E91012002149F666
:1076A0009A12C4F24821C3F61972C0E9141294ED7B
:1076B000060A10E0A16800E0016A00229FED8D0A31
:1076C000C0E91012002149F69A12C4F24821C3F60B
:1076D0001972C0E91412E17880ED120AF1B10129A2
:1076E0000CD002291CD104F11C0594ED0B0A2ECDFF
:1076F000C0E95412C0E9583522E000BFE169002218
:10770000C0E95412002149F69A12C4F24821C3F686
:107710001972C0E9581294ED0B0A11E0E16901E019
:10772000D0F8301100229FED730AC0E954120021F5
:1077300049F69A12C4F24821C3F61972C0E95812E8
:10774000617980ED560AE9B101290BD002291BD1DC
:1077500004F1440594ED150A2ECDC0E9DC12C0E910
:10776000E03521E0616C0022C0E9DC12002149F61D
:107770009A12C4F24821C3F61972C0E9E01294EDDE
:10778000150A11E0616C01E0D0F8501300229FED62
:10779000590AC0E9DC12002149F69A12C4F24821C4
:1077A000C3F61972C0E9E012A17980EDDE0A09B3CF
:1077B00001290BD002291FD1D4E91612C0F8801478
:1077C000216EC0F88424626E0DE000BFA16D00221E
:1077D000C0F880140021C0F8842449F69A12C4F23B
:1077E0004821C3F6197294ED1A0AC0F89014C0F833
:1077F000942415E0A16D01E0D0F860140022C0F8D7
:107800008014C0F88424002149F69A12C4F2482159
:10781000C3F61972C0F89014C0F894249FED350A8D
:1078200000F59160217980ED000A41F2D4600229CF
:1078300094ED0C0AC2F200401CD001290ED029BBE5
:107840000021002249F69A1380ED020AC4F2482270
:10785000C3F61973C0E906232AE000BF002249F6E7
:107860009A130021C4F24822C3F6197380ED020A6C
:1078700005E000BF04F1340380ED020A0ECB94ED65
:10788000100AC160C0E9062315E000BF90ED090AA7
:107890009FED191A20EE010A002149F69A12C4F24E
:1078A0004821C3F6197280ED020AC0E906120021D0
:1078B000C1609FED100A94ED1B1A9FED102A81EE16
:1078C000021A9FED0F2A80ED040A40F26810C2F2FE
:1078D000004021EE021A9FED0B2A21EE021ABDEEA6
:1078E000C10A80ED000A00201E2E88BF01203870DA
:1078F00001B0F0BD0000000035FA8E3CDA0F4940BF
:1079000000F8FF45000010422DE9F04F81B040F231
:1079100008190029C2F20049B9F8027075D004298B
:1079200001F0030C02D2002137E000BF42F62866C6
:1079300021F003030021C2F2004605E0FA786F1C33
:10794000325504318B4228D0BCB2FF2C10D8425C97
:107950007D1C3255ACB24718FF2C0ED90025ACB2B5
:10796000FF2C10D90025ACB2FF2CE7D911E000BFE5
:107970000025ACB24718FF2CF0D87A780135325583
:10798000ACB2FF2CEED8BA7801353255ACB2FF2C30
:10799000D4D9002704318B42D6D1BCF1000F32D0AC
:1079A000BBB2FF2B0AD842F62865465CC2F20045FE
:1079B0000137EE54BCF1010F04D124E00027BCF1E3
:1079C000010F20D0BBB2FF2B0CD8461842F6286519
:1079D000C2F2004501377678EE54BCF1020F05D1B2
:1079E00011E000BF0027BCF1020F0CD0BAB2FF2A91
:1079F00008D8084442F62861C2F200410137807875
:107A0000885400E00027A9F80270B8B28428C0F0BA
:107A10009C8042F6286440F250684AF20105C2F2A6
:107A200000444AF6552B40F60A5AC2F200480BE0D1
:107A3000013F611CBAB22046A9F80270F8F793FC26
:107A4000B8B2832840F2818020885845F0D1B4F83C
:107A500082005045ECD14FF6FF726FF0010000BF7D
:107A6000211802300B795A40D60785EA520308BF25
:107A7000530885EA5302DE0708BF5A0885EA520315
:107A8000D60708BF530885EA5302DE0708BF5A0825
:107A900085EA5203D60708BF530885EA5302DE077A
:107AA00008BF5A0885EA5203D60708BF5308497928
:107AB00085EA5302DE0708BF5A085140CB0785EA22
:107AC000510208BF4A0885EA5201D30708BF51088E
:107AD00085EA5102CB0708BF4A0885EA5201D3075D
:107AE00008BF510885EA5102CB0708BF4A0885EA5A
:107AF0005201D30708BF510885EA5103CA0708BFDE
:107B00004B0885EA5302D90708BF5A087C28A7D139
:107B1000B4F8800090428BD1842240462146F8F789
:107B200022FCFBF7F5FBB9F80210C9F80400204667
:107B3000A1F1840704F18401BAB2A9F80270F8F740
:107B400012FCB8B283283FF67FAF01B0BDE8F08FDA
:107B500070B540F2081C41F2D46EC2F2004CC2F281
:107B6000004E42F22C354AF65520ACF808009CF83D
:107B70000000C2F200458CF80A0042F25C309EED33
:107B8000090A9FED661A40F60A51C2F20040ACF8AD
:107B90005510614620EE010A95ED061A9FED602A08
:107BA000B8EEC11AD0F86464D0E9082341F80B2F6D
:107BB000826ACCF80F30D0F83031CCF81320D0F8EE
:107BC0003421CCF81730D0F83831CCF81B20CCF861
:107BD0001F30D0E9D423CCF82F20D0F85823CCF88C
:107BE0003720B5F90020CCF83330D0F86034CCF829
:107BF0003B3010EE103A81EE020A01EE102A9FEDA2
:107C0000492ACCF83F60B5F90860D0F86804B8EEAE
:107C1000C11ACCF8430020EE020A9FED432ADEE9A8
:107C20000A2421EE021A02EE106A8B6110EE100A8D
:107C3000CCF82720B8EEC22A11EE102AC8634AF207
:107C400001000A644FF6FF7212EE103ACCF82B4096
:107C50004B6400210CEB01039E7A7240D50780EA49
:107C6000520608BF560880EA5602F50708BF720898
:107C700080EA5206D50708BF560880EA5602F50783
:107C800008BF720880EA5206D50708BF560880EA86
:107C90005602F50708BF720880EA5206D50708BFEA
:107CA000560880EA5602F50708BF720848292BD00B
:107CB000DB7A02315A40D60780EA520308BF5308E4
:107CC00080EA5302DE0708BF5A0880EA5203D6074B
:107CD00008BF530880EA5302DE0708BF5A0880EA4B
:107CE0005203D60708BF530880EA5302DE0708BFD5
:107CF0005A0880EA5203D60708BF530880EA5302A5
:107D0000DE0708BF5A08A5E70CF108004F21ACF8C0
:107D10005320BDE87040F8F7CBBB00BF35FA8E3C6E
:107D200080FB8F48DA0FC9404F77D63D0000000036
:107D3000F0B581B044F22C47C5F6020757F8042C81
:107D400002F00302032A03D1012001B0F0BD00BFFD
:107D5000054657F82C0C0C4620F0806047F82C0C98
:107D6000FBF7D6FA064600BF57F82C0C000105D5E4
:107D7000FBF7CEFA801B0228F6D964E057F8040C12
:107D8000EE6895E80E0020F47C30012C40EA0130CA
:107D9000A2F101016FF35F214FF47E4202EB432217
:107DA00047F8040C92B24FF0FE4302EB01004FF48F
:107DB000FE012A6901EB064101F4FE0103EB0262B8
:107DC000084402F0FE410844F8603868696920F010
:107DD000C00040EA010038603868A96920F020003E
:107DE00040EA0100386038684FF6F87120F0100062
:107DF00038603869EA6920EA01004FF4001140EA6E
:107E0000C2003861386808BF4FF4801140F010009C
:107E1000002C386008BF4FF40021386808433860F0
:107E200057F82C0C40F0806047F82C0CFBF770FAE8
:107E3000044600BF57F82C0C000107D4FBF768FA82
:107E4000001B0328F6D3032001B0F0BD002001B0D1
:107E5000F0BD000000000000F0B581B044F22C47F6
:107E6000C5F6020757F8042C02F00302032A03D1D7
:107E7000012001B0F0BD00BF054657F82C0C0C46A0
:107E800020F0805047F82C0CFBF742FA064600BF62
:107E900057F82C0C800005D5FBF73AFA801B022816
:107EA000F6D964E057F8040CEE6895E80E0020F06F
:107EB0007C70012C40EA0150A2F101016FF35F21B7
:107EC0004FF47E4202EB432247F8040C92B24FF08B
:107ED000FE4302EB01004FF4FE012A6901EB06416B
:107EE00001F4FE0103EB0262084402F0FE41084483
:107EF00078613868696920F4406040EA01003860C0
:107F00003868A96920F4007040EA010038603868D8
:107F10004FF6F87120F480703860B869EA6920EA99
:107F200001004FF0807140EAC200B861386808BFB4
:107F30004FF4000140F48070002C386008BF4FF40B
:107F4000800138680843386057F82C0C40F08050A6
:107F500047F82C0CFBF7DCF9044600BF57F82C0C53
:107F6000800007D4FBF7D4F9001B0328F6D30320C5
:107F700001B0F0BD002001B0F0BD00000000000025
:107F80007047000000000000FBF7CAB900000000C5
:107F9000B0B59CB044F6180409A84C21C5F60204FB
:107FA000F8F708FA02200025CDE90755CDE9055577
:107FB000CDE90355CDE90155FCF792FB009520680A
:107FC00020F440402060206800F440400090009879
:107FD0002068800409D4206880045CBF20685FEAC0
:107FE000804002D420688004F2D5212009904FF40B
:107FF00080300A9001200F9002212822CDE915201F
:1080000006201491CDE917010C20199009A800242D
:10801000CDE91211CDE91A44FDF75AFC10B172B640
:10802000FEE700BF3F20019003204FF48061CDE9BF
:108030000204082004904020CDE90500CDE9071096
:1080400001A80321FDF704FA10B172B6FEE700BFE4
:108050001CB0B0BD000000004EF6885042F2000C8B
:10806000CEF20000C5F2002C026842F470020260F9
:10807000DCF8000000F00F00062806D8DCF800004D
:10808000072262F30300CCF8000044F200404EF6F1
:108090007F51C5F60200CEF6F621026842F00102D9
:1080A000026000220261036819400160DCF80010E0
:1080B000090706D5DCF80010072363F30301CCF8A9
:1080C000001040F200218261C261C0F2022102620E
:1080D00081620021C0F2FF11C16240F28021C0F232
:1080E0000111016342638163C263016442640168F8
:1080F00021F480210160026644F20000C5F20020F4
:1081000043F2D2010160704742F26C10C2F20040AB
:10811000FEF74EB90000000042F2B810C2F2004073
:10812000FEF746B90000000010B540F6FF32D0F867
:1081300000E0C4F20002904210DCB0F1804F1ED08B
:1081400040F20043C4F20003984218D040F6000306
:10815000C4F20003984212D016E000BF40F600437C
:10816000C4F2000398420AD040F20043C4F2010373
:10817000984204D00023C4F20103984204D12EF0A7
:1081800070024B6843EA020E4EF2FF3343F6FF7C67
:10819000C4F20003C4F2010C984213DD60452BDCED
:1081A0004EF20043C4F20003984242D00023C4F2CE
:1081B000010398423DD040F20043C4F201039842CB
:1081C00037D03BE040F2FF73C4F20003984227DD52
:1081D00040F60003C4F2000398422AD040F6004360
:1081E000C4F20003984224D04EF20003C4F200030C
:1081F00098421ED022E000BF44F20003C4F2010303
:10820000984216D044F60003C4F20103984210D0FD
:1082100044F20043C4F2010398420AD00EE000BFCA
:10822000B0F1804F05D040F20043C4F20003984201
:1082300004D12EF44072CB6843EA020E4B696045CC
:108240000A688C68C462826212DD44F20002C4F2E1
:108250000102904217D044F60002C4F2010290429B
:1082600011D044F20042C4F2010290420BD00CE063
:108270000022C4F20102904205D040F20042C4F252
:108280000102904201D109690163016841F00401D2
:108290000160012141612EF080011943016010BD90
:1082A00042F29820C2F20040FEF7DABA0000000065
:1082B000816A0A070CD4CA0715D18A071ED44A0757
:1082C00027D4CA0630D48A0639D44A0642D454E0A8
:1082D0000268D0F838C0536823F4004343EA0C0323
:1082E0005360CA07E9D00268D0F82CC0536823F461
:1082F000003343EA0C0353608A07E0D50268D0F8E4
:1083000030C0536823F4803343EA0C0353604A07B8
:10831000D7D50268D0F834C0536823F4802343EAE9
:108320000C035360CA06CED50268D0F83CC09368EF
:1083300023F4805343EA0C0393608A06C5D5026890
:10834000D0F840C0936823F4005343EA0C039360D1
:108350004A0612D50268D0F844C0BCF5801F5368A5
:1083600023F4801343EA0C03536006D1536823F4CB
:10837000C00C836C43EA0C035360090658BF704776
:108380000168C06C4A6822F40022104348607047BC
:10839000B0B582B004460020C4F89000FAF7B8FFE8
:1083A000216805460A68120737D54FF400110022EC
:1083B0006FF07E40009020462B4600F0F5FA58B34F
:1083C000206850E8000F216820F0800041E800029A
:1083D000002A1FBF206850E8000F216820F08000AD
:1083E0001CBF41E80002002A12D0206850E8000FAC
:1083F000216820F0800041E800024AB1206850E87E
:10840000000F216820F0800041E80002002AD7D147
:108410000320202188226CE02168086840075FD58E
:108420004FF4800100226FF07E40009020462B46E2
:1084300000F0BAFA002853D0206850E8000F2168F5
:1084400020F4907041E80002F2B1206850E8000F7B
:10845000216820F4907041E80002002A1FBF2068C4
:1084600050E8000F216820F490701CBF41E8000222
:10847000002A09D0206850E8000F216820F490708D
:1084800041E80002002AD7D1206850E8020F216895
:1084900020F0010041E80202002A1FBF206850E8D6
:1084A000020F216820F001001CBF41E80202002AEF
:1084B00012D0206850E8020F216820F0010041E846
:1084C00002024AB1206850E8020F216820F0010042
:1084D00041E80202002AD7D1032020218C2208E0A3
:1084E0002020C4F88800C4F88C00002170220020ED
:1084F000E166A150002184F8841002B0B0BD0000F4
:10850000806BFEF7A9B90000F0B583B0044600689F
:1085100046F6F31640F6004E22696569D4E9021367
:108520000A43E7690168CCF6FF762A4331401143DC
:10853000C5F6000E394301604168704521F4405191
:1085400044F2544C41EA03014160A2694FF2FF43F7
:108550001CBF216A0A438168C1F2FF131940C5F6A6
:10856000020C1143816047F6FF32C16AC4F2000277
:1085700021F00F01656A90424FF0800341EA050146
:10858000C16219DD41F2FF71C4F2010188422DDCA4
:1085900047F60041C4F20001884257D041F2000181
:1085A000C4F20101884239D041F20041C4F2010114
:1085B000884233D056E000BF44F6FF31C4F20001D8
:1085C000884237DD44F60041C4F2000188423DD0C4
:1085D00045F20001C4F20001884237D047F600019D
:1085E000C4F20001884231D03CE000BF41F60001F6
:1085F000C4F20101884211D041F60041C4F20101E8
:1086000088420BD070452DD1DCF8041001F0070230
:10861000062A27D20FF2883122E000BFDCF80010D2
:10862000C1F3C202062A1DD24CF60E21C0F600018B
:1086300016E000BF44F20041C4F20001884205D0B8
:1086400044F60001C4F2000188420BD1DCF80010AE
:1086500001F00702062A05D24CF60821C0F60001F7
:108660008B181B78704540F60010C0F23D0000F0FA
:108670005380B7F5004F40F07B80402B4FF0010155
:1086800000F28581DFE813F042002E0183018301AF
:108690003601830183018301420183018301830148
:1086A00083018301830183010A0183018301830123
:1086B000830183018301830183018301830183019A
:1086C00083018301830183014801830183018301C5
:1086D000830183018301830183018301830183017A
:1086E000830183018301830183018301830183016A
:1086F000830183018301830183018301830183015A
:108700008301830183018301260100BFFCF7F4FF8D
:10871000002840F0008136E19A1E01211E2A00F255
:108720007580DFE812F01F00340187003401340146
:1087300034018D0034013401340134013401340139
:10874000340179003401340134013401340134013D
:108750003401340134013401340134013401340171
:1087600034019500FBF7F0FF002840F070800AE12B
:10877000402B4FF0010100F20A81DFE813F04100C5
:10878000B70008010801C100080108010801E9005B
:1087900008010801080108010801080108019D00FD
:1087A0000801080108010801080108010801080181
:1087B0000801080108010801080108010801EF008B
:1087C0000801080108010801080108010801080161
:1087D0000801080108010801080108010801080151
:1087E0000801080108010801080108010801080141
:1087F0000801080108010801080108010801AF008B
:10880000FCF77AFF002840F0A880BCE0402B40F045
:10881000BE804FF400401BE05CF8540C800649F227
:108820000000C0F2D03013D55CF8541CC1F3C10174
:10883000C8400DE06846FBF79BFF019838B9A2E0FD
:108840006846FCF72DF80198002800F09C80656AC6
:108850004CF624216268C0F6000131F81510B0FB17
:10886000F1F002EB420188424FF00101C0F08F802D
:108870001303984200F28B80010E0023000210EBDC
:10888000520041F10001F7F73DFD4FF60052A0F50F
:108890004071C0F20F02914273D377E05CF8540C40
:1088A000800649F20000C0F2D03035D55CF8541C87
:1088B000C1F3C101C8402FE05CF8540C800649F2B6
:1088C0000000C0F2D03049D55CF8541CC1F3C1019E
:1088D000C84043E04FF400401EE000BF4FF40040AA
:1088E0003CE000BFFCF738FFA8B94CE0FCF734FFD0
:1088F00098BB48E06846FBF73BFF019858B942E057
:108900006846FBF735FF019838BB3CE06846FBF74B
:10891000C7FF0198B8B3656A4CF62421C0F6000180
:1089200031F81510B0FBF1F061684A0802EB400025
:108930004FF6EF72B0FBF1F0A0F11001914225D893
:108940004FF6F0710140C0F34200084419E000BF47
:108950006846FBF7A5FF0198A8B1656A4CF624218B
:108960006268C0F6000131F81510B0FBF1F000EBC1
:108970005200B0FBF2F0A0F110014FF6EF729142FD
:1089800004D82168C860002101E000BF01214FF038
:108990000110A0660020C4E91D00084603B0F0BD28
:1089A00002040810204000002DE9F04180460068D4
:1089B0000D46C7693940491BB1FA81F14909914215
:1089C00025D1069C34B31646611C29D1C1692940C2
:1089D000491BB1FA81F14909B14218D1C169294055
:1089E000491BB1FA81F14909B14201BFC16929406E
:1089F000491BB1FA81F104BF4909B14207D1C169EC
:108A00002940491BB1FA81F14909B142DED0002069
:108A1000BDE8F081FAF77CFC0320BDE8F08100BFDF
:108A20001F4607E0C0692840401BB0FA80F04009AB
:108A3000B042ECD1FAF76CFCC01BA04200F2B68049
:108A4000D8F8000001684907ECD5402D18BF802DEB
:108A5000E8D0C169090700F1AD80C1690905E1D518
:108A60004FF400610162D8F8000050E8000FD8F818
:108A7000001020F4907041E8000222B3D8F8000002
:108A800050E8000FD8F8001020F4907041E8000280
:108A9000002A1FBFD8F8000050E8000FD8F80010D7
:108AA00020F490701CBF41E80002002A0BD0D8F8D7
:108AB000000050E8000FD8F8001020F4907041E852
:108AC0000002002ACFD14FF6FE70CEF6FF70D8F824
:108AD000001051E8021FD8F80020014042E80213BC
:108AE0000BB3D8F8001051E8021FD8F8002001405D
:108AF00042E80213002B1FBFD8F8001051E8021FF4
:108B0000D8F8002001401CBF42E80213002B0AD015
:108B1000D8F8001051E8021FD8F80020014042E8C0
:108B20000213002BD3D1D8F86C0001282FD1D8F82C
:108B3000000050E8000FD8F8001020F0100041E8C5
:108B4000000222B3D8F8000050E8000FD8F8001057
:108B500020F0100041E80002002A1FBFD8F80000F2
:108B600050E8000FD8F8001020F010001CBF41E8BA
:108B70000002002A0BD0D8F8000050E8000FD8F807
:108B8000001020F0100041E80002002ACFD1202080
:108B9000C8F88C000021C8F86C10C8F87410C8F828
:108BA0009000032088F88410BDE8F0810320BDE820
:108BB000F08100BF08210162D8F8000050E8000FE2
:108BC000D8F8001020F4907041E8000222B3D8F8E1
:108BD000000050E8000FD8F8001020F4907041E831
:108BE0000002002A1FBFD8F8000050E8000FD8F894
:108BF000001020F490701CBF41E80002002A0BD046
:108C0000D8F8000050E8000FD8F8001020F4907059
:108C100041E80002002ACFD14FF6FE70CEF6FF7079
:108C2000D8F8001051E8021FD8F80020014042E8AF
:108C300002130BB3D8F8001051E8021FD8F8002037
:108C4000014042E80213002B1FBFD8F8001051E882
:108C5000021FD8F8002001401CBF42E80213002B7D
:108C60000AD0D8F8001051E8021FD8F800200140BF
:108C700042E80213002BD3D1D8F86C0001282FD181
:108C8000D8F8000050E8000FD8F8001020F01000CD
:108C900041E8000222B3D8F8000050E8000FD8F8ED
:108CA000001020F0100041E80002002A1FBFD8F891
:108CB000000050E8000FD8F8001020F010001CBF92
:108CC00041E80002002A0BD0D8F8000050E8000F5D
:108CD000D8F8001020F0100041E80002002ACFD19F
:108CE0002020C8F88C000020C8F86C00C8F8740078
:108CF0000821C8F8901088F884000120BDE8F081B0
:108D000042F20420C2F20040FDF7AABD00000000BC
:108D1000D0F8D42200EB820CDCF8C02242B3B0B50C
:108D200001F00F0404EB840300EB830E5EF8143FA4
:108D30005BB1D0F8C85204EBC40405EB8404E469C9
:108D4000B3FBF4F505FB1433A3B10020C2F8140201
:108D5000DCF8C4321B69002B08BFB0BD02F5047CEF
:108D6000D2F808020A46614698470020B0BD00BF0D
:108D70000320704700220023CEF8002000F0FCFE04
:108D80000020B0BD00000000B0B5D0F8D42200EB48
:108D90008202D2F8C0529DB1044600F069FDD4F8B9
:108DA000D412C5F80C02D5F8040204EB8101D1F805
:108DB000C42205F50371D26890470020B0BD00BF02
:108DC0000320B0BD0000000070B58121044600F012
:108DD0008BFC01212046002584F8375000F084FCEC
:108DE0008221204684F8775100F07EFCD4F8D4022A
:108DF00004F5307684F84B50656456F8201089B13C
:108E000004EB8000D0F8C40240688047D4F8D40254
:108E100056F8200001F0B8F9D4F8D40246F82050F2
:108E2000C4F8BC52002070BD10B5D0F8D41200EBCD
:108E30008100D0F8C0428CB1D0F8C41259B194F876
:108E40000002FF2807D094F801228B68214698473A
:108E5000FF2084F80002002010BD00BF032010BDD9
:108E600040F2B4010A22C2F2004102800846704773
:108E7000F0B581B040F270070446C2F2004782218B
:108E8000384600F025FA05460121384600F020FA60
:108E900006468121384600F01BFA002D1CBF102128
:108EA000A971002E1CBF4021B18000281CBF4021A9
:108EB000818040F270004321C2F20040218001B065
:108EC000F0BD000000000000F0B581B040F2700776
:108ED0000446C2F200478221384600F0F9F90546FF
:108EE0000121384600F0F4F906468121384600F0A9
:108EF000EFF9002D1CBF1021A971002E1CBF4FF4EB
:108F00000071B18000281CBF4FF40071818040F2D5
:108F100070004321C2F20040218001B0F0BD00008A
:108F2000F0B581B040F270070446C2F200478221DA
:108F3000384600F0CDF905460121384600F0C8F961
:108F400006468121384600F0C3F9002D1CBF1021D0
:108F5000A971002E1CBF4021B18000281CBF4021F8
:108F6000818040F270004321C2F20040218001B0B4
:108F7000F0BD0000000000002DE9F04104464FF470
:108F8000077001F005F9002848D04FF40771054635
:108F9000F7F710FAD4F8D402217C4027022204EB20
:108FA000800000294FF081014FF00206C0F8C05246
:108FB0002046C4F8BC5208BF4FF400773B4600F08F
:108FC000DFFC0121022220463B464FF0010884F8D5
:108FD000378000F0D5FC1020606482210322082332
:108FE000204684F8778100F0CBFCD4F8D402002727
:108FF000C5F8047204EB800084F84B80D0F8C402FA
:1090000000688047C5F81472C5F81872D5F80422B4
:10901000A2B1207C012158B140230BE0D4F8D40246
:10902000002104EB8000C0F8C0120220BDE8F081EE
:109030004FF40073204600F0B7FC00263046BDE830
:10904000F081000000000000D0F8D41200EB810194
:10905000D1F8C01271B180B5027C4023002AD1F84A
:1090600004224FF0010108BF4FF4007300F09CFC94
:10907000002080BD0320704741B1D0F8D42200EB1E
:109080008200C0F8C4120020704700BF0320704760
:10909000D0F8D42200EB8200D0F8C00220B1C0F892
:1090A00004120020704700BF03207047000000003A
:1090B000D0F8D43200EB8300D0F8C00230B1C0F851
:1090C0000812C0F810220020704700BF032070472C
:1090D000F0B581B0D0F8D42200EB820300228DF8E5
:1090E0000320D3F8C042ADF80020002C60D00D78EA
:1090F00015F0600218D0202A58D1CA88002A29D039
:109100006DB2B5F1FF3F2FDD4978402A84F8001297
:10911000214628BF402284F8012200F0A1F8002453
:10912000204601B0F0BD00BF4A780B2A3ED800248B
:10913000DFE802F008063C3C3C3C3C3C3C3C2A3826
:10914000EEE700BF90F89C22032A2FD16946022245
:1091500021E000BFD3F8C42248780024936800229D
:109160009847204601B0F0BDD3F8C4524B7806466C
:109170000F46AD6818462146A847FA883046214672
:10918000072A28BF072206E090F89C22032A0DD167
:109190000DF10301012200F07FF80024204601B008
:1091A000F0BD00BF90F89C22032AB9D000F04CF823
:1091B0000324204601B0F0BDD0F8D41200EB8101A9
:1091C000D1F8C03243B1D3F8141200294FF0010195
:1091D00004D00846704700BF0320704780B5C3F82D
:1091E00014128121D3F80822D3F81032836200F0E0
:1091F000C3FC0021BDE88040084670470000000025
:1092000080B5D0F8B82252689047002818BF0320D4
:1092100080BD00000000000000207047000000003A
:10922000002070470000000080B513460A46002168
:1092300000F0BAFB002080BD80B513460A4600212D
:1092400000F09AFC002080BD10B58021044600F09B
:109250005BFC00212046BDE8104000F055BC00003A
:1092600080B58C460323C0F894321346C0F86411CD
:109270000021C0E95522624600F096FB002080BD27
:1092800080B50521C0F8941200210022002300F0CF
:109290008BFB002080BD000080B58C460223C0F807
:1092A0009432134641620021C0E90522624600F073
:1092B00063FC002080BD000080B50421C0F894123A
:1092C00000210022002300F057FC002080BD000098
:1092D000B0F802C003789C4538D980B504E000BFDF
:1092E00073449AB2624533D290F800E070444278F9
:1092F000052A02D182788A4226D073449AB2624506
:1093000026D290F800E070444278052A02D1827893
:109310008A4219D073449AB2624519D290F800E09B
:1093200070444278052A02D182788A420CD0734474
:109330009AB262450CD290F800E070444278052A57
:10934000CED182788A42CBD180BD00BF0020704749
:10935000002080BD00000000002808BF704710B545
:1093600003783BB300F1020EF4461CF8013C6BB1EC
:109370009CF80030002B1CBF9CF80130002B05D05E
:109380009CF802300CF1040C002BEED14FF0000CD5
:109390001EF8013C93B19EF800309BB19EF801305D
:1093A000A3B19EF802300CF1040C0EF1040E002B58
:1093B000EED10DE04FF0000C0AE000BF4CF0010CC4
:1093C00006E000BF4CF0020C02E000BF4CF0030CC2
:1093D0005FFA8CFC022303EB4C0313800B70032217
:1093E0004A700378ABB3023002224FF0000C5FFAF0
:1093F00082FE51FA82F401F80E3084F801C010F8B0
:10940000013C33B3941C5FFA84FE51FA84F401F8F2
:109410000E3084F801C00378002B1FBF141D5FFAC3
:1094200084FE51FA84F401F80E301EBF84F801C0A6
:109430004378002B0DD0941D08325FFA84FE51FA58
:1094400084F401F80E3084F801C083780430002BD6
:10945000CDD1BDE81040704710B540F230240A4627
:10946000C2F2004402A02146FFF776FF204610BD5D
:1094700043444320436F6E666967000000000000AC
:1094800040F2C0001222C2F200400A807047000081
:1094900010B540F230240A46C2F2004402A0214630
:1094A000FFF75AFF204610BD43444320496E7465C0
:1094B000726661636500000040F2E8000422C2F2B7
:1094C00000400A807047000010B540F230240A4680
:1094D000C2F2004402A02146FFF73EFF204610BD25
:1094E00053544D6963726F656C656374726F6E6916
:1094F000637300000000000010B540F230240A46FB
:10950000C2F2004402A02146FFF726FF204610BD0C
:1095100053544D3332205669727475616C20436F19
:109520006D506F72740000004EF60003C1F6F173C7
:1095300018689A6812184FF01A00088000F0A58089
:10954000B0B54FF0370C100F0CEB1271B2F1204F89
:1095500038BF00F1300140F2EC005B68C2F30364F5
:10956000C2F200404FF0000E81701101B1F1204FA6
:1095700080F803E00CEB117538BF04F130051102DF
:1095800080F805E0C2F3035405710CEB1175B1F1DD
:10959000204F38BF04F13005110380F807E0C2F313
:1095A000034485710CEB1175B1F1204F38BF04F104
:1095B0003005110480F809E0C2F3033405720CEBA6
:1095C0001175B1F1204F38BF04F13005110580F855
:1095D0000BE0C2F3032485720CEB1175B1F1204F3F
:1095E00038BF04F13005110680F80DE0C2F3031412
:1095F00005730CEB1175B1F1204F38BF04F1300544
:10960000110702F00F0202F137048573B1F1204F08
:1096100080F80FE038BF02F13004190FB3F1204F8A
:109620000CEB1372047480F811E038BF01F13002C2
:10963000190180F813E08274B1F1204FC3F3036283
:109640000CEB117438BF02F13004190280F815E0F8
:10965000C3F3035204750CEB1174B1F1204F4FEAC0
:10966000033138BF02F13004C3F30342B1F1204F9C
:109670000CEB1173847580F817E038BF02F13003EA
:1096800080F819E00376BDE8B04040F2EC00C2F289
:10969000004070470000000080B10023C0F8B832DD
:1096A000C0F8C4320029C0F8D03218BFC0F8B412D4
:1096B000012180F89C12027000F0DEB80320704790
:1096C00080B5D0F8C802F9F7DFFF40F20032C100E0
:1096D000C0F20132032822FA01F188BF0321C8B287
:1096E00080BD00000000000080B5D0F8C802F9F786
:1096F000A3FF40F20032C100C0F20132032822FA77
:1097000001F188BF0321C8B280BD00000000000045
:10971000B0B589B190F89C22032A53D1D0F8B82271
:109720005269002A4ED00023C0F8D4329047002856
:1097300008BF0020B0BD00BFD0F8941202293BD171
:10974000038C816999420FD9CA1A416A194482610E
:1097500041620446FFF770FD0021002200232046ED
:1097600000F022F927E000BF10D142698A420DD3F0
:10977000D0F898128A4209D200210022002504461E
:10978000FFF75AFDC4F89852E6E700BF90F89C1224
:10979000032909D1D0F8B812C96829B10022C0F84C
:1097A000D4220446884720468021044600F0ACF9C4
:1097B0002046FFF765FD204690F8A01211B1002168
:1097C00080F8A0120020B0BD10B579B190F89C22AD
:1097D000032A22D1D0F8B8229269F2B10023C0F84E
:1097E000D4329047002808BF002010BDD0F8941252
:1097F000032912D1B0F86021D0F8581191420FD945
:109800008B1AD0F864111144C0F858319342C0F853
:10981000641188BF1A46FFF707FD002010BD00BF86
:1098200090F89C12032909D1D0F8B812096929B11E
:109830000022C0F8D422044688472046FFF73CFDAA
:10984000002010BD00000000002070470000000054
:10985000012180F89C12D0F8B8223AB180B5017984
:1098600052689047002818BF032080BD0020704731
:10987000D0F8C802F9F734BF0178012933D110B507
:1098800041F68841C2F20041C0F8C812C1F8E004B4
:109890000020C4F204000860092008714FF4007031
:1098A000C8800220C1F809000020C8810874084659
:1098B000FAF722FD08B1F6F7B7FE41F688444FF4F7
:1098C0000071C2F200442046F9F72AFE00218022EE
:1098D0002046F9F729FE01214FF4BA722046F9F724
:1098E00023FEBDE81040002070470000000000008B
:1098F00001F07F02D0F8C80201EBC10349B202EBCC
:10990000C202002900EB820200EB830000F2562025
:1099100048BF02F116000078704700000000000008
:10992000D0F8D42200EB8202D2F8B82262B190F8CB
:109930009C32032B06D1126A22B180B590470020D9
:1099400080BD00BF0020704703207047000000006A
:10995000D0F8D42200EB8202D2F8B82262B190F89B
:109960009C32032B06D1526A22B180B59047002069
:1099700080BD00BF0020704703207047000000003A
:1099800080B59446D0F8C8021A466346F9F7B4FE8B
:1099900040F20032C100C0F20132032822FA01F184
:1099A00088BF0321C8B280BD80B5D0F8C802F9F7DE
:1099B000E3FE40F20032C100C0F20132032822FA75
:1099C00001F188BF0321C8B280BD00000000000083
:1099D000F0B581B0012680F89C620025C0F8945251
:1099E00004464560D0F8B802C4F8A45284F8A052E6
:1099F00040B1426832B10021204690470546002818
:109A000018BF032500210022402320464027FFF7EE
:109A1000B7FF802100224023204684F86361A4F828
:109A20006071FFF7ADFF84F823602846278401B0FA
:109A3000F0BD00000000000090F89C12042903D142
:109A400090F89D1280F89C120020704700000000E2
:109A500090F89C12032908D1D0F8B81229B1C9692D
:109A600019B180B58847BDE88040002070470000EC
:109A7000024600201174704780B5D0F8C802FAF78A
:109A8000D7FD40F20032C100C0F20132032822FAB1
:109A900001F188BF0321C8B280BD000000000000B2
:109AA000B0B500F2AA240546204600F079F801215D
:109AB000C5F8941295F8AA12B5F8B03201F01F0259
:109AC000C5F89832022A0FD0012A07D092B9284649
:109AD0002146BDE8B04000F09FB800BF28462146AF
:109AE000BDE8B04000F014BB28462146BDE8B040B8
:109AF00000F05ABA01F080012846BDE8B04000F0FD
:109B000003B800000000000080B5D0F8C802F9F7E3
:109B10004FFE40F20032C100C0F20132032822FAA7
:109B200001F188BF0321C8B280BD00000000000021
:109B300080B5D0F8C802FAF797FD40F20032C100B4
:109B4000C0F20132032822FA01F188BF0321C8B212
:109B500080BD000000000000014690F89C0204282F
:109B600003D091F89C0281F89D020020042281F824
:109B70009C2270470000000080B5D0F8C802F9F7B9
:109B80004FFE40F20032C100C0F20132032822FA37
:109B900001F188BF0321C8B280BD000000000000B1
:109BA0000A7802704A7842704A8842808A888280A5
:109BB000C988C1807047000010B582B004464FF0DC
:109BC0000000ADF80600B9B1D4F8D40204F52E7245
:109BD000C4F8B81252F82000C16A21B10DF1060094
:109BE0008847C4F8D002D4F8D8020130C4F8D802AB
:109BF000002002B010BD00BF032002B010BD000065
:109C0000D0F8B82212B11268104700BF0020704788
:109C1000FFF78EBF0000000070B582B00A7812F026
:109C200060020FD0402A18BF202A40F0D580D0F81B
:109C3000D42200EB8202D2F8B822926802B0BDE8CA
:109C4000704010474A78092A00F2C680DFE802F027
:109C50000630C458C4627EC41C4200BF90F89C22E7
:109C6000013A022A00F2B880C988022940F0B48083
:109C7000D0F8A41203220029014608BF012241F8AE
:109C80000C2F02223CE100BFC988012940F0A480CA
:109C900090F89C124A1E022A80F098800146012208
:109CA000002441F8084FFFF7F7FA204602B070BDD4
:109CB00090F89C22013A022A00F28E804988002402
:109CC000012940F09280C0F8A442FFF7F5FA20463F
:109CD00002B070BD498840F22C25C2F2004511F057
:109CE000FE0F297050D080210446FFF70DFF0021A0
:109CF0002046FFF709FF0324204602B070BD00BFD5
:109D00004A88022A5ED0012A40F066800121C0F80C
:109D1000A412FCE08A88002A5ED1CA88002A5BD19E
:109D20004D887F2D58D890F89C12032954D0E9B261
:109D300080F89E520446FFF79FFE20462646FFF716
:109D4000BBFA002D00F02881022026E14A884FF05E
:109D5000FF330026ADF8066003EB12230E2B00F252
:109D60007D80DFE803F0095D457B7B6D797B7B7B44
:109D70007B7B7B7B510000BF0D46D0F8B4120446BC
:109D8000007C0A6847E000BF90F89C22032A69D053
:109D9000022A40F08F800A0600F0B98001F001022B
:109DA0004260C9B20546FFF72BFF002800F0D480BF
:109DB000044680212846FFF7A7FE00212846FFF72A
:109DC000A3FE70E0497980F8A012A0E0032903D136
:109DD000011D012294E000BF80210546FFF794FE9B
:109DE000002128460024FFF78FFE204602B070BDF8
:109DF000D2B2052A32D8DFE802F003C5BDC1B9C925
:109E0000D0F8B422526802E0D0F8B422D2692AB362
:109E10000446007C0D460DF106019047014664E0C2
:109E20000D46017C0446D0F8B80200290CBF816AB7
:109E3000C16A0DF1060088470146022054E000BFC8
:109E4000027C5AB90446D0F8B8020D46416B0DF1B8
:109E500006008847014648E0027CDAB380210446C8
:109E60005EE000BF0A0665D001F001024168914240
:109E70004DD0C9B20446FFF7C3F929782046616086
:109E80002546FFF7BDFE002800F0848004468021AF
:109E90002846FFF739FE00212846FFF735FE2979CD
:109EA0002846FFF7ADF9022085F89C02204602B053
:109EB00070BD00BF80210446FFF726FE002120462A
:109EC000FFF722FE29782046FFF79AF9032420465F
:109ED00002B070BD0446D0F8B8020D46016B0DF11A
:109EE00006008847014607204870EA8872B1BDF82D
:109EF00006309BB19342204638BF1A46ADF8062083
:109F0000FFF7CAF90024204602B070BD2046FFF7D3
:109F1000D3F90024204602B070BD00BF8021204646
:109F2000FFF7F2FD00212046FFF7EEFD002420465A
:109F300002B070BD022280F89C2201F00101416054
:109F4000002100240546FFF75BF92846FFF7B4F926
:109F5000204602B070BD00BF2846FFF7ADF90320D0
:109F600085F89C020024204602B070BDD0F8B422CF
:109F700052694CE7D0F8B422D26848E7D0F8B4224E
:109F8000126944E7D0F8B422926840E7D0F8B422CE
:109F900092693CE72846BAE7012086F89C02002433
:109FA000204602B070BD000070B50A780D460979F0
:109FB000044612F060020BD0402A18BF202A3CD180
:109FC0002046FFF729F9002855D0002070BD00BFBA
:109FD000687848B3012815D003282ED194F89C0244
:109FE000032813D1688838B911F07F0004D0E888BD
:109FF00010B92046FFF788FD2046FFF75DF90020E5
:10A0000070BD00BF94F89C02032821D0022814D10F
:10A01000480612D02046FFF777FD80212046FFF743
:10A0200073FD002070BD00BF94F89C0203282FD060
:10A03000022808BF5FEA416058D080212046FFF720
:10A0400063FD00212046FFF75FFD002070BD00BFCB
:10A0500068880028B9D10E46480603D0204631460C
:10A06000FFF72EFB2046FFF727F920463146FFF782
:10A07000D3F80028A9D1D4F8B80282680020002AB9
:10A08000C4F8D402A1D020462946BDE8704010474C
:10A0900001F00F00802900EB800004EB800003D268
:10A0A00090F8630102E000BF90F823000028C4D0BC
:10A0B00001F07F0001EB8102802900EB800004EBBE
:10A0C000800000F1140504EB820038BF00F5AA758A
:10A0D000480605D02046FFF70BFC08B1012000E040
:10A0E000002005F10E01A8730AE000BF08064FF03A
:10A0F000140058BF4FF4AA702118002001F80E0F69
:10A1000002222046FFF7C8F8002070BD00000000C2
:10A11000B0B50A7812F0600218BF402A10D190F84A
:10A120009C22013A022A0DD88A8812F0FE0F09D12A
:10A130000C460546D1B2FFF773F878B10320B0BDE5
:10A14000202AECD080210546FFF7DEFC00212846BE
:10A150000024FFF7D9FC2046B0BD00BFD5F8B812E7
:10A160008A68002AEAD028460021C5F8D412214680
:10A170009047E1880446002908BF002CEBD128460F
:10A18000FFF79AF80020B0BD704700000000000003
:10A1900040F23040C2F20040704700000000000072
:10A1A00010B50C784A78D0F81CC804F00F034FEAB9
:10A1B000441E012A18D101229A4000EB0E0342EA04
:10A1C0000C02C0F81C28D3F80009000429D403F5B8
:10A1D00010600A7989686FF3DF21036841EA8241E0
:10A1E00043EA8452114317E04FF4803202FA03F33A
:10A1F00000EB0E0243EA0C03C0F81C38D2F8000B47
:10A2000000040ED40B7902F5306089686FF3DF210A
:10A21000026841EA8341114341F0805141F4004119
:10A220000160002010BD00000146D0F8000940F296
:10A23000FF729043C1F80009D1F80428002042F4CD
:10A240008072C1F80428704782B002F47F42B2F5F0
:10A25000807F49D1836B4FF6BF7223F480338363D1
:10A26000DDF808C0C368CFF6BD721A40C2605FFA5D
:10A270008CF2C368012A23F44012C26003D1C26881
:10A2800042F48012C26000220092009A01320092D1
:10A29000009AB2F1706F00F2A7800269002A21D4FF
:10A2A000009A01320092009AB2F1706F00F29C8025
:10A2B0000269002A16D4009A01320092009AB2F183
:10A2C000706F00F291800269002A0BD4009A01326B
:10A2D0000092009AB2F1706F00F286800269B2F1CA
:10A2E000FF3FD2DC0A2237E0C26842F04002C2607F
:10A2F00000220192019A01320192019AB2F1706F2B
:10A3000000F2C6800269002A21D4019A013201922A
:10A31000019AB2F1706F00F2BB800269002A16D474
:10A32000019A01320192019AB2F1706F00F2B0808D
:10A330000269002A0BD4019A01320192019AB2F10A
:10A34000706F00F2A5800269B2F1FF3FD2DC0A22F1
:10A3500054E000BF009A013A0092009A8AB1009A34
:10A36000013A0092009A62B1009A013A0092009A72
:10A37000002A1FBF009A013A0092009A18BF002AD3
:10A38000E8D1026942F001020261009A01320092B2
:10A39000009AB2F1706F27D80269D2071DD0009AD7
:10A3A00001320092009AB2F1706F1DD80269D20793
:10A3B00013D0009A01320092009AB2F1706F13D854
:10A3C0000269D20709D0009A01320092009AB2F1D4
:10A3D000706F09D80269D207D7D1002201F47F013A
:10A3E000B1F5803F76D160E0032201F47F01B1F541
:10A3F000803F6FD159E000BF019A013A0192019A62
:10A400008AB1019A013A0192019A62B1019A013A24
:10A410000192019A002A1FBF019A013A0192019A02
:10A4200018BF002AE8D1026942F001020261019AD4
:10A4300001320192019AB2F1706F29D80269D207F4
:10A440001DD0019A01320192019AB2F1706F1FD8AA
:10A450000269D20713D0019A01320192019AB2F136
:10A46000706F15D80269D20709D0019A01320192A2
:10A47000019AB2F1706F0BD80269D207D7D10022CE
:10A4800013F47F4F836B08D143F4803307E000BFA0
:10A49000032213F47F4F836BF6D023F4803383635E
:10A4A00001F47F01B1F5803F14D1C16D89B2C1655E
:10A4B000C16D41F0007141F0F771C165816821F013
:10A4C0001E018160816841F006018160816841F070
:10A4D00020018160104602B07047000000000000BB
:10A4E00080B50A7847F6000C4B78CEF6334C510114
:10A4F000012B014426D1D1F800394FF0010EB3F100
:10A50000FF3F01F5106307DC196841F00061196035
:10A51000196841F08041196002F00F01D0F83C2821
:10A520000EFA01F18A43C0F83C28D0F81C2822EA30
:10A530000101C0F81C181968002001EA0C0119601B
:10A5400080BD00BFD1F800EB01F53063BEF1FF3FE5
:10A550000CF1707C4FF4803EDEDCD5E7000000009B
:10A560000146D0F8000E20F00300C1F8000E0020D4
:10A57000D1F8042822F00202C1F804287047000034
:10A580000146D0F8000E20F00300C1F8000E0020B4
:10A59000D1F8042842F00202C1F8042870470000F4
:10A5A0002DE9F04F85B0C3F30746964689464FF034
:10A5B0000007C0F80471C0F80871C0F80C71C0F849
:10A5C0001071C0F81471C0F81871C0F81C71C0F88F
:10A5D0002071C0F82471C0F82871C0F82C71C0F83F
:10A5E0003071C0F83471C0F83871C0F83C712EB1C8
:10A5F00000F138014FF4001210E000BFD0F8041849
:10A60000802241F00201C0F80418816B21F400118E
:10A610008163016841F04001016001460B681A4303
:10A620000EF47F430A60B3F5807F4FF00001C0F85D
:10A63000001E07D1B1EB196FD0F8001806D041F019
:10A64000010103E0D0F8001841F00301C0F8001840
:10A65000002103910399013103910399B1F1706FC6
:10A6600052D8016900291ED403990131039103993D
:10A67000B1F1706F48D80169002914D403990131F0
:10A6800003910399B1F1706F3ED8016900290AD492
:10A690000399013103910399B1F1706F34D80169C5
:10A6A000B1F1FF3FD6DC002103914FF484610161D9
:10A6B0000399013103910399B1F1706F24D80169B5
:10A6C00089061DD50399013103910399B1F1706F8A
:10A6D0001AD80169890613D50399013103910399A9
:10A6E000B1F1706F10D80169890609D5039901315C
:10A6F00003910399B1F1706F06D801698906D7D427
:10A700004FF0000A02E000BF4FF0010A002104915F
:10A710000499013104910499B1F1706F4ED8016927
:10A7200000291ED40499013104910499B1F1706F8C
:10A7300044D80169002914D4049901310491049981
:10A74000B1F1706F3AD8016900290AD40499013136
:10A7500004910499B1F1706F30D80169B1F1FF3FF4
:10A76000D6DC00210491102101610499013104918A
:10A770000499B1F1706F21D80169C90620D50499F7
:10A78000013104910499B1F1706F17D80169C906BC
:10A7900016D50499013104910499B1F1706F0DD867
:10A7A0000169C9060CD50499013104910499B1F1EC
:10A7B000706F03D80169C906D7D401E04FF0010AD0
:10A7C0005FFA89F80021B8F1000FC0F81018C0F83E
:10A7D0001418C0F81C1800F00B81CDE9019AF1465D
:10A7E000D0F800194FF00065B8F1010B4FF67F3437
:10A7F00005EA1111C0F800194FF00001C0F8101956
:10A80000C0F8084973D0A8F102010BF0030A03292C
:10A8100004D20121BAF1000F3FD168E000962BF07D
:10A82000030700F5186600234FF0904C4FF67F3E6B
:10A83000002200BF56F8601C04320CEAE17146F8B1
:10A84000601C46F8503C974246F858EC56F8401CBD
:10A850000CEAE17146F8401C46F8303C46F838EC0A
:10A8600056F8201C0CEAE17146F8201C46F8103C12
:10A8700046F818EC31680CEAE17131603361C6F8D2
:10A8800008E006F18006D5D1511C009E4FF000650E
:10A890004FF67F34BAF1000F29D000F510634F0155
:10A8A00003EB4111B446DE594FF0904202EAE676DE
:10A8B000DE5166460023BAF1010F4FF67F370B6178
:10A8C0008F6014D00E6ABAF1020F02EAE672664691
:10A8D0000A620B638F620AD00A6C4FF0904303EA5E
:10A8E000E2720A6400220A654FF67F328A64D0F869
:10A8F000001BBBF1000F05EA1111C0F8001B4FF05F
:10A900000001C0F8101BC0F8084BCE46DDE9019AE3
:10A910006ED0A8F102010BF0030C032904D201212F
:10A92000BCF1000F3AD163E000962BF0030500F56F
:10A93000386600234FF090474FF67F32002100BF6A
:10A9400056F8604C043107EAE47446F8604C46F867
:10A95000503C8D4246F8582C56F8404C07EAE474B7
:10A9600046F8404C46F8303C46F8382C56F8204C17
:10A9700007EAE47446F8204C46F8103C46F8182CD8
:10A98000346807EAE47434603361B26006F180062B
:10A99000D6D10131009EBCF1000F29D000F5306303
:10A9A0004F0103EB41113446DE594FF0904202EA69
:10A9B000E676DE5126460023BCF1010F4FF67F37C5
:10A9C0000B618F6014D00E6ABCF1020F02EAE672CE
:10A9D00026460A620B638F620AD00A6C4FF09043DE
:10A9E00003EAE2720A6400220A654FF67F328A6443
:10A9F000D0F8101819F47F0F21F48071C0F81018E6
:10AA00004FF0000181616FF08041416103D18169A4
:10AA100041F01001816143F600028169C8F23C02F5
:10AA20001EF47F0F41EA0201816103D0816941F088
:10AA300008018161012E05D1816941F0804141F019
:10AA400004018161504605B0BDE8F08F00000000B0
:10AA500001468268002022F001028A6070470000EF
:10AA600043F20B03D0F840C0C4F654739C4503D3A3
:10AA7000D0F8003B002B1ED40023C0F8103BD0F8C8
:10AA8000103B012943F40023C0F8103BD0F8103BE1
:10AA900043F01803C0F8103BD0F8103B43F0C0411E
:10AAA000C0F8101B07D1C0F8142BD0F8001B41F0E0
:10AAB0008021C0F8001B002070470000000000004B
:10AAC0004A780B78012A4FEA431210440ED1D0F88D
:10AAD000002922F40012C0F80029097901F0FE01D2
:10AAE000022914D100F510600DE000BFD0F8002B52
:10AAF00022F40012C0F8002B097901F0FE010229AE
:10AB000005D100F53060016841F0805101600020FE
:10AB100070470000000000000A784B785101012BBB
:10AB2000084407D1D0F80019002900F5106107D5B5
:10AB30000CE000BFD0F8001B002900F5306105D4FF
:10AB4000002A1EBF086820F0804008600A680020C4
:10AB500042F400120A607047F0B54B78002691F875
:10AB600000C04FF6FF75012BCFF6F876CEF2070541
:10AB70002CD100EB4C1E0C69002C0EF51063DEF896
:10AB800010794FD03E401E611E69BCF1000F05EAEE
:10AB900006051D618E6800F09D80A5191F69013DA5
:10ABA000B5FBF6F50026C1F6F87606EAC5463E4343
:10ABB0001E610E79012E40F09A804FF0C0471E6949
:10ABC00007EA457526F0C0461E618DE000EB4C1784
:10ABD0004FF6FF74C0F20704BCF1000FD7F8103B2A
:10ABE00003EA0603C7F8103BD7F8106B07F530638C
:10ABF00006EA0506C7F8106B8E680D693CD0002D7B
:10AC00003ED0AF19013FB7FBF6F7BDB26E4300254A
:10AC10000E62C1F6F87505EAC7471D6926402F4345
:10AC20001F6134E007EA05041C611C6944F4002438
:10AC30001C611C6904EA06050024012A1D615ED01E
:10AC400000F510634FEA4C169F5947F004479F5197
:10AC50000F79012F34D1D0F80878FF054FF08057D5
:10AC600058BF4FF00057F558002A45EA0702F25046
:10AC700062D00020F0BD00BF002D18BF0E610E6233
:10AC800006EA04071E6937431F614FF400261F6957
:10AC9000012A47EA06021A6103D1CA68002A18BFCE
:10ACA0005A61097901293BD1D0F80808C0054FF055
:10ACB000805058BF4FF000501968084318602FE0CB
:10ACC000002CD6D00CF00F01012202FA01F100F69F
:10ACD000340327E0B44205D90E614FF40025344611
:10ACE00002E000BF4FF400251E6935431D61254673
:10ACF0001E696FF3DF453543012A1D61A0D1CA6982
:10AD0000002A18BFCEF814290979012908D1D0F8F2
:10AD10000808C005DEF800090AD440F00050CDE76D
:10AD20004FF004411868084318600020F0BD00BFD0
:10AD300040F08050C2E700BFA2B2002A99D0D61CD2
:10AD40004FF0FF32C96800F5805002EB96034FEADE
:10AD50000C32032BC6F381030ED3B70827F003068A
:10AD60000F6817504F6817508F681750CF68043E10
:10AD700001F110011750F3D1002B3FF47AAF012BF2
:10AD80000F6887503FF475AF022B4B6883503FF438
:10AD900070AF896881500020F0BD00000000000005
:10ADA00080B582B00022019282684B78012B0DD1D0
:10ADB000097800F5106049014258B2F1FF3F43DDC8
:10ADC0004FF0000E704602B080BD00BF836923F0D3
:10ADD0008003836143691B0605D4D0F8043843F42B
:10ADE0000073C0F8043892064FF0000C4FF0000ECC
:10ADF0006DD4019A01320192019AB2F5702F61D897
:10AE00004269D2061DD4019A01320192019AB2F52B
:10AE1000702F57D84269D20613D4019A0132019299
:10AE2000019AB2F5702F4DD84269D20609D4019A21
:10AE300001320192019AB2F5702F43D84269D206CD
:10AE4000D7D54FF0000E3FE00A584FF0000E42F009
:10AE500000620A500A5842F080420A50019A0132B8
:10AE60000192019AB2F5702F00F2AA804258B2F115
:10AE7000FF3F00F3AB80019A01320192019AB2F5D3
:10AE8000702F00F29D804258B2F1FF3F00F39E8088
:10AE9000019A01320192019AB2F5702F00F290806E
:10AEA0004258B2F1FF3F00F39180019A01320192C2
:10AEB000019AB2F5702F00F283804258B2F1FF3F41
:10AEC000CCDD7FE74FF0010E036A0093009BCDF8C5
:10AED00004C0019B01330193019BB3F5702F21D86E
:10AEE00043691B0620D4019B01330193019BB3F5F9
:10AEF000702F17D843691B0616D4019B01330193A9
:10AF0000019BB3F5702F0DD843691B060CD4019B30
:10AF100001330193019BB3F5702F03D843691B06DE
:10AF2000D7D501E04FF0010E097800EB4113D3F8BB
:10AF3000001B41F00061C3F8001B03F53061D3F83A
:10AF4000002B42F08042C3F8002B00220192019AAC
:10AF500001320192019AB2F5702F21D88A689207C6
:10AF600020D4019A01320192019AB2F5702F17D8BC
:10AF70008A68920716D4019A01320192019AB2F5B9
:10AF8000702F0DD88A6892070CD4019A0132019271
:10AF9000019AB2F5702F03D88A689207D7D501E0DD
:10AFA0004FF0010E8A6842F002028A60D0F804185D
:10AFB00041F48061C0F80418704602B080BD00BF43
:10AFC0004FF0010E704602B080BD00BF4FF0000E82
:10AFD000704602B080BD000001468268002042F049
:10AFE00001028A607047000081B000220092009A3E
:10AFF00001320092009AB2F1706F51D80269002AB2
:10B000001ED4009A01320092009AB2F1706F47D8B4
:10B010000269002A14D4009A01320092009AB2F117
:10B02000706F3DD80269002A0AD4009A013200925A
:10B03000009AB2F1706F33D80269B2F1FF3FD6DCEB
:10B0400089010022009220310161009901310091B3
:10B050000099B1F1706F23D8016989061DD5009957
:10B06000013100910099B1F1706F19D80169890619
:10B0700013D50099013100910099B1F1706F0FD88B
:10B080000169890609D50099013100910099B1F152
:10B09000706F05D801698906D7D4002001B07047C8
:10B0A000032001B070470000D0F8081888074FF05F
:10B0B000020001F0060158BF0F20002908BF084612
:10B0C0007047000000000000406900F00100704778
:10B0D000D0F81818D0F81C08084080B2704700005B
:10B0E000D0F81818D0F81C080840000C7047000071
:10B0F000D0F810C8D0F8343801F00F0200EB41103E
:10B1000023FA02F2D201D0F80809D1B241EA0C01C7
:10B11000084070470000000000EB4111D1F8081B07
:10B12000D0F81408084070474169806908407047AA
:10B1300010B5930802F0030E2CD05A1E03F0030C36
:10B14000032A0FD323F003034FF4805284580C607A
:10B1500084584C6084588C608458043BCC6001F166
:10B160001001F3D1BCF1000F14D04FF480520B4604
:10B17000BCF1010F845843F8044B05D11946BEF1C8
:10B18000000F0AD11FE000BFBCF1020F82584A60D5
:10B190001CD10831BEF1000F15D04FF48052BEF122
:10B1A000010F80580A4602F8010B01D1104610BD6C
:10B1B000BEF1020F4FEA10224A7001D1881C10BD67
:10B1C000000C88700331084610BD00BF4FF4805258
:10B1D00082588A600C31BEF1000FDED1F3E7000027
:10B1E000B0B50446C068002920F0C040E06000F01F
:10B1F0009980012940F0B080E0680A2540F00050B5
:10B20000E0600A20F6F798FD54F8140FC00740F0EC
:10B210009C800A20F6F790FD2068C00740F09E80D1
:10B220000A20F6F789FD2068C00740F0A5800A20B3
:10B23000F6F782FD2068C00740F0AC800A20F6F7E0
:10B240007BFD2068C00740F0B3800A20F6F774FD4C
:10B250002068C00740F0BA800A20F6F76DFD20682C
:10B26000C00740F0C1800A20F6F766FD2068C007DD
:10B2700040F0C8800A20F6F75FFD2068C00740F064
:10B28000CF800A20F6F758FD2068C00740F0D6802E
:10B290000A20F6F751FD2068C00740F0DD800A2043
:10B2A000F6F74AFD2068C00740F0E4800A20F6F770
:10B2B00043FD2068C00740F0EB800A20F6F73CFD14
:10B2C0002068C00740F0F2800A20F6F735FD2068BC
:10B2D000C00740F0F9800A20F6F72EFD2068C0076D
:10B2E00040F000810A20F6F727FD2068C00740F0F3
:10B2F00007810A20F6F720FD2068C00740F00E8184
:10B300000A20F6F719FD2068C00740F016810A20D0
:10B31000F6F712FDC8252068A5F1C800B0FA80F044
:10B320004009B0BDE0680A2540F08040E0600A2096
:10B33000F6F702FD54F8140FC00706D00A20F6F7FE
:10B34000FBFC2068C00711D11425A5F1C800B0FA94
:10B3500080F04009B0BD00BF0120B0BD1425A5F1AB
:10B36000C800B0FA80F04009B0BD00BF0A20F6F76F
:10B37000E3FC2068C00707D11E25A5F1C800B0FA7C
:10B3800080F04009B0BD00BF0A20F6F7D5FC206868
:10B39000C00707D12825A5F1C800B0FA80F0400900
:10B3A000B0BD00BF0A20F6F7C7FC2068C00707D170
:10B3B0003225A5F1C800B0FA80F04009B0BD00BF49
:10B3C0000A20F6F7B9FC2068C00707D13C25A5F193
:10B3D000C800B0FA80F04009B0BD00BF0A20F6F7FF
:10B3E000ABFC2068C00707D14625A5F1C800B0FA1C
:10B3F00080F04009B0BD00BF0A20F6F79DFC206830
:10B40000C00707D15025A5F1C800B0FA80F0400967
:10B41000B0BD00BF0A20F6F78FFC2068C00707D137
:10B420005A25A5F1C800B0FA80F04009B0BD00BFB0
:10B430000A20F6F781FC2068C00707D16425A5F132
:10B44000C800B0FA80F04009B0BD00BF0A20F6F78E
:10B4500073FC2068C00707D16E25A5F1C800B0FABB
:10B4600080F04009B0BD00BF0A20F6F765FC2068F7
:10B47000C00707D17825A5F1C800B0FA80F04009CF
:10B48000B0BD00BF0A20F6F757FC2068C00707D1FF
:10B490008225A5F1C800B0FA80F04009B0BD00BF18
:10B4A0000A20F6F749FC2068C00707D18C25A5F1D2
:10B4B000C800B0FA80F04009B0BD00BF0A20F6F71E
:10B4C0003BFC2068C00707D19625A5F1C800B0FA5B
:10B4D00080F04009B0BD00BF0A20F6F72DFC2068BF
:10B4E000C00707D1A025A5F1C800B0FA80F0400937
:10B4F000B0BD00BF0A20F6F71FFC2068C00707D1C7
:10B50000AA25A5F1C800B0FA80F04009B0BD00BF7F
:10B510000A20F6F711FC2068C00707D1B425A5F171
:10B52000C800B0FA80F04009B0BD00BF0A20F6F7AD
:10B5300003FC2068C0077FF4EAAEBE25A5F1C80071
:10B54000B0FA80F04009B0BD0246D0F8000820F4FF
:10B55000FE6001F07F01C2F800080020D2F8003838
:10B5600043EA0111C2F80018704700000000000013
:10B57000022A02465FD145F2403043F20053CFF633
:10B580002770C0F20C030844984203D24FF4705164
:10B5900053E000BF41F6406044F24023CFF61B70F9
:10B5A000C0F20F030844984202D24FF4605144E0C5
:10B5B000A1F5740044F68073A0F51050C0F2120398
:10B5C000984203D24FF4505137E000BFA1F183708D
:10B5D0004DF22063A0F5E740C0F21303984203D276
:10B5E0004FF4405129E000BF4BF260604EF26033EF
:10B5F000CFF6E560C0F216030844984202D24FF439
:10B6000030511AE04DF2003047F24073CFF6CE6071
:10B61000C0F21B030844984202D24FF420510CE0C0
:10B6200045F6C03049F2C013CFF6B360C0F2210333
:10B63000084498420AD24FF41051D06820F4705058
:10B64000D060D36800201943D1607047A1F1B77072
:10B6500047F22053A0F55850C0F23803984203D265
:10B660004FF40051E9E700BF45F2E04049F6E043FE
:10B67000CFF65960C0F2410308444FF4C0519842DC
:10B6800038BF4FF4E051D8E780B5DDF808C0BCF111
:10B69000000F33D193B303334FF0FF3C00F5805ECE
:10B6A00012030CEB930CBCF1030FC3F3810C13D307
:10B6B0009B0823F0030300BF086842F80E004868A7
:10B6C00042F80E00886842F80E00C868043B01F199
:10B6D000100142F80E00EFD1BCF1000F0ED0BCF10A
:10B6E000010F08684EF8020008D0BCF1020F48684C
:10B6F0004EF8020002D088684EF80200002080BD9B
:10B70000FEE70000000000002DE9F0478AB041F696
:10B71000483802ADC2F20048294640460024CDE92F
:10B7200002444FF00209CDF8109001270794CDE9AB
:10B730000574F6F709FC404629464FF0804ACDE9EA
:10B7400002A4CDE90497CDE90644F6F7FDFB0221FA
:10B750000222012340460097F6F73EFC0121012218
:10B760004046F6F7C1FB41F6E83502AEC2F20045AD
:10B7700031462846CDE90244CDE90497CDE9064497
:10B78000F6F7E2FB28463146CDE902A4CDE904975D
:10B79000CDE90644F6F7D8FB022102220123284610
:10B7A0000097F6F719FC012101222846F6F79CFBC9
:10B7B0004046F7F719FA40F602264FF47062C1F6D8
:10B7C000803640463146F6F7CBFA2846F7F70CFAB2
:10B7D0004FF4706228463146F6F7C2FA0AB0BDE867
:10B7E000F0870000000000002DE9F0470129044621
:10B7F00012D029BB052A2DD235A13AA33EA74FF07E
:10B800001D0A51F8229053F8228057F822500A2737
:10B810000126002135E000BF511FC9B2052925D2FC
:10B8200021A226A314254FF03B0852F821A053F87B
:10B8300021704FF001094FF44071012621E000BF53
:10B840004FF000094FF00008002500264FF0000AD5
:10B85000002717E00A274FF01D0A012600214FF0AC
:10B8600000094FF0000800250BE000BF002614255A
:10B870004FF03B084FF001094FF440714FF0000AC0
:10B880000027A1602046F6F7C3FB04F124002763DC
:10B89000C4E90595C4E9078580E8C0042046BDE8F1
:10B8A000F047F6F781BE00BF1D0000001900000040
:10B8B000130000000E0000000D0000000A00000050
:10B8C0000600000005000000050000000200000066
:10B8D000040000000200000002000000010000005F
:10B8E000010000008B000000AE0000008B00000093
:10B8F0008B0000003B000000140000001900000055
:10B9000014000000140000001400000000000000FB
:10B9100080B584B00A79013A072A00F23A81DFE85B
:10B9200012F0090038012700170038013F003801E4
:10B93000750000BF91ED050A9FED971A20EE010AF0
:10B9400009780022029201F5807103920CE000BF99
:10B9500091ED020A9FED911A20EE010A097800226A
:10B960000292039201F58061BDEEC00A0AE000BFB9
:10B9700091ED030A0978BDEEC00A0022029201F59A
:10B980004071039210EE103A1A0E8DF808201A0C2E
:10B990008DF809201A0A8DF80A208DF80B30EFE097
:10B9A00091ED020A9FED7D1A20EE010AB2EE041A13
:10B9B00091ED032A91ED083A0978BDEEC00A82EEB6
:10B9C000012A01F5C06110EE102A83EE010ABDEED6
:10B9D000C21A8DF80B20130E8DF80830130C8DF859
:10B9E0000930130ABDEEC00A11EE102A8DF80A3094
:10B9F0008DF80D20130A10EE102A8DF80C308DF8FA
:10BA00000F20130A8DF80E30BAE000BF91ED0D0A39
:10BA100091ED022AB1EE401A91F800C0B4EE412A2D
:10BA2000F1EE10FA08DBB0EE421AB4EE402AF1EE65
:10BA300010FA01DDB0EE401A91ED0E2A91ED034AA5
:10BA4000B1EE423AB4EE434AF1EE10FA08DBB0EE42
:10BA5000443AB4EE424AF1EE10FA01DDB0EE423A59
:10BA60009FED4F6A91ED067AB0EE465AB5EE407AF8
:10BA7000F1EE10FA91ED104A08DBB0EE475AB4EE41
:10BA8000447AF1EE10FA01DDB0EE445A91ED077AF6
:10BA9000B5EE407AD1ED111AF1EE10FA08DBB0EEF6
:10BAA000476AB4EE617AF1EE10FA01DDB0EE616A38
:10BAB00091ED0F7AD1ED042AF1EE470AF4EE602AF7
:10BAC000F1EE10FA08DBF0EE620AF4EE472AF1EE2E
:10BAD00010FA01DDF0EE470ADFED322A30EE011AEE
:10BAE00026EE226A25EE225A32EE033A86EE216ACB
:10BAF00085EE044A23EE223ABDEEC65A9FED2A6A2D
:10BB000021EE061A37EE206A32EE022A15EE101ADE
:10BB100030EE000A37EE077A8DF80A1026EE226A18
:10BB2000BDEEC44A83EE022A81EE000A86EE071AB1
:10BB300014EE103ABDEEC22ABDEEC00ABDEEC11A27
:10BB40001A098DF808200A0A42EA03128DF8092022
:10BB500012EE102A10EE103A11EE10EA8DF80C30A9
:10BB6000190A8DF80B1011098DF80D104FEA1E21DE
:10BB70008DF80FE041EA02118DF80E100CF500610E
:10BB800002AB4FF080424FF0080CCDF800C000F03F
:10BB900017FC04B080BD00BF00007A4400401C4682
:10BBA0000000000000F07F4500FF7F47000000001C
:10BBB0000A889FED151A4B88B2EE043AD2BA00EE0D
:10BBC000102ADBBA8A8802EE103AB8EEC00AD2BA5E
:10BBD000B8EEC22A20EE010A01EE102A80ED090A11
:10BBE00022EE032A9FED093AB8EEC11A80ED0A2A27
:10BBF00021EE030A80ED0B0A8A7980F83020C9799A
:10BC000080F83110704700BFCDCCCC3D0AD7233C23
:10BC100080B584B009780022CDE9022201F5807157
:10BC200002AB4FF080424FF0080CCDF800C000F09E
:10BC3000C7FB04B080BD000080B584B00978002344
:10BC400002934FF0010C039301F5A0618DF80820D9
:10BC500002AB4FF08042CDF800C000F0B1FB04B061
:10BC600080BD00000000000010B541F2D4644FF424
:10BC70009071C2F200442046F4F79CFB67202070CC
:10BC8000082020710020002149F69A12E0604FF24E
:10BC9000C350C4F24821C3F61972C4F24810C4E973
:10BCA0000612002160630020C4F22021C4F270104B
:10BCB000A1630021E0630020C4F2FA31C4F2A000C5
:10BCC000C4E9101010BD00005FFA80FC41F2D4629C
:10BCD000C2F200421046137863450AD0104610F8AD
:10BCE000483F634505D012F8900F6045104618BFD5
:10BCF0007047FFF75DBF000091F83C20013A032A2E
:10BD000000F2C780B0B582B0DFE802F002A06A742A
:10BD100091ED100A91ED112A91ED2C1A91ED2D3A29
:10BD200030EE010A9FED5D4A32EE032A91ED145A7E
:10BD300031EE011A91ED156A20EE040A9FED584A82
:10BD400033EE033A22EE042A80EE010A91ED121A34
:10BD500025EE045A82EE032A91ED2E3A31EE031AB3
:10BD6000098833EE033ABDEEC00A21EE041A26EE2E
:10BD7000044AB1EE046ABDEEC22A10EE102A81EE2A
:10BD8000031A9FED483A85EE033A8DF8012084EEC0
:10BD9000064A12EE103ABDEEC11A150ABDEEC33ABC
:10BDA0008DF80050BDEEC44A1A0911EE10CA8DF884
:10BDB000022013EE10EA1A0114EE104A8DF807C0A3
:10BDC0008DF804E042EA1E228DF8032022098DF846
:10BDD00005204FEA1C2242EA04128DF8062051E0A9
:10BDE0000A88496C0091042302F5007291B26A46F8
:10BDF0004AE000BF91ED110A9FED262A91ED131A3A
:10BE000020EE020A9FED242A0A6C21EE021A8DF818
:10BE10000020BCEEC00A130A8DF80130130CBCEEF2
:10BE2000C11A8DF80230120E8DF8032010EE102A80
:10BE3000098811EE103A8DF8042001F54071120ABC
:10BE40008DF805201A0A8DF8063018E0D1E9102384
:10BE500009888DF80020150A8DF80150150C01F5A0
:10BE60008071120E8DF803201A0A8DF805201A0C25
:10BE70008DF806201A0E8DF802508DF8043089B224
:10BE80008DF807206A46082300F04EFA02B0BDE89C
:10BE9000B04070470000C84200401C4600FF7F478A
:10BEA00000F07F450000FA4391F83C20013A032A54
:10BEB0002FD880B582B0DFE802F00319091100BF66
:10BEC00009884FF0FF32CDF8032017E009884FF0C2
:10BED000FF32CDF8032001F500710EE009884FF024
:10BEE000FF32CDF8032001F5407106E009884FF0DC
:10BEF000FF32CDF8032001F5807189B20092FC2257
:10BF00008DF807206A46082300F00EFA02B0BDE85B
:10BF1000804070470000000080B50A7890ED2C0A40
:10BF200030EE001A90ED2D2A02F00F0242600A78DE
:10BF300032EE024A90ED2E6A12098260B1F80120B9
:10BF400036EE067A92FA92FCC0F80CC0CB780A79E9
:10BF500003EE10CA1B0143EA121202610B7905EECF
:10BF6000102A91F805E0B8EEC33A03F00F03B8EEDB
:10BF7000C55A4EEA032221EE031A00EE902A4261CE
:10BF800024EE053A9FED145A81EE051A9FED135ADF
:10BF9000F8EEE00A83EE053A31EE400A27EE204A39
:10BFA00080ED080A33EE420A80ED090A84EE054A64
:10BFB00034EE460A80ED0A0A8A7900EE102AB8EEBD
:10BFC000400A80ED0D0AC97900EE101AB8EE400A59
:10BFD00080ED0E0A80BD00BF00FF7F4700F07F4567
:10BFE000F0B581B042F25C3440F25C61C2F20044D0
:10BFF000201DF4F7DFF901204FF08046C0F2110058
:10C00000206000200025C4F2B430C4F2E015C4E979
:10C01000140600260020C4F2A01604F5E077C4E957
:10C020002D65022649F69A15C0F21206C4F8106171
:10C0300000260023236440F2000C4DF20A72C4F281
:10C040004810C4F85031C4F22026C3F69965C4F8EC
:10C050007033C4E9586500264FF07E53C4F8783336
:10C060000023C4F2A00CC3F6A342C4F8B000C4F28B
:10C07000482687E84110C4F2C823C4F8E003C4E9A5
:10C08000DF234FF07C53C4F8843300230020C4F234
:10C09000F013C4F22010C4E9F93005200121C0F2E8
:10C0A0001500C4F840044FF2C35084F85810C3F68A
:10C0B000C870C4F88004002084F83C1084F868112B
:10C0C000C4F2702084F84C114CF6CD4E84F88813DD
:10C0D000042784F86C13C3F64C7E84F89814C0F2DD
:10C0E000140784F87C1404F59E61C4F8900440F6AB
:10C0F0005660C4F24910C4F848C0E264C4F858E17C
:10C10000C4F85C21C4F83073C4F888E4C4F88C2403
:10C11000C4F8945481E8411001B0F0BD0000000063
:10C12000B0B584B000200DF10E01CDE9000041F65C
:10C1300048306A46C2F2004000F0D2F8BDF80E0066
:10C14000122825D0112849D142F25C346D46C2F242
:10C15000004429462046FFF7DFFE2046294600F02E
:10C16000DBFA42F6006040F20613C2F20040C2F26F
:10C170000043D0E900121B78013142F10002C0E90E
:10C1800000125BB340F20000C2F2004024E000BFA6
:10C1900042F25C306D46C2F20040294600F58874D8
:10C1A0002046FFF7B9FE2046294600F0B5FA42F6D0
:10C1B000006040F20613C2F20040C2F20043D0E930
:10C1C00002121B78013142F10002C0E902122BB1C8
:10C1D00040F26210C2F200400121017004B0B0BD13
:10C1E000B0B584B000200DF10E01CDE9000041F69C
:10C1F000E8306A46C2F2004000F072F8BDF80E0066
:10C20000A0F20121082909D242F22C306946C2F27B
:10C21000004000F029F904B0B0BD00BF42F667113C
:10C2200088422BD0152831D014282CD142F25C3012
:10C230006D46C2F20040294600F54C742046FFF7D7
:10C240006BFE2046294600F067FA42F6006040F295
:10C250000613C2F20040C2F20043D0E906121B7876
:10C26000013142F10002C0E9061263B140F201005F
:10C27000C2F200400121017004B0B0BD694642F62F
:10C280006710FFF721FD04B0B0BD00BF42F25C3083
:10C290006D46C2F20040294600F588642046FFF74B
:10C2A0003BFE2046294600F037FA42F6006040F295
:10C2B0000613C2F20040C2F20043D0E908121B7814
:10C2C000013142F10002002BC0E90812DBD040F23C
:10C2D0000200C2F200400121017004B0B0BD0000B4
:10C2E00010B58AB013460C466A464021F5F7B8FEF1
:10C2F00020B10020C0B20AB010BD00BF0398009961
:10C3000008282180F6D90A38052805D804A1085C38
:10C31000C0B20AB010BD00BF0C20C0B20AB010BD40
:10C32000101418203040000080B58AB0092B01910C
:10C330004FF000010291039102D204930EE000BF7E
:10C34000A3F10C014FEAB1010D2907D81FFA81FCB6
:10C3500042F22F2323FA0CF3DB0711D100210591C0
:10C360004FF4801306934FF400130991CDE9073180
:10C3700001A9F5F73DFD002818BF01200AB080BDD6
:10C3800001A353F82130D8E7090000000A0000009B
:10C390000B0000000C000000090000000D00000070
:10C3A0000900000009000000090000000E00000064
:10C3B0000900000009000000090000000F00000053
:10C3C00080B58AB001910C99029240291A464FF02B
:10C3D000000CCDF80CC0CDF81CC0CDF818C000F290
:10C3E0003F80DFE801F02121212121212121213D70
:10C3F0003D3D3B3D3D3D313D3D3D353D3D3D333D8D
:10C400003D3D3D3D3D3D2F3D3D3D3D3D3D3D3D3D6A
:10C410003D3D3D3D3D3D373D3D3D3D3D3D3D3D3D52
:10C420003D3D3D3D3D3D3900049100210591CDE963
:10C43000081101A9F5F7DCFC002818BF01200AB09B
:10C4400080BD00BF0D21EFE70A21EDE70C21EBE7EE
:10C450000B21E9E70E21E7E70F21E5E70921E3E7F3
:10C460000821E1E70000000080B5B0F80CE0B1EE73
:10C47000041AA0F80EE00A8812BA4FEA124CA0F88B
:10C480000CC04B881BBA1B0C03808B885BBA00EE78
:10C49000103ACEEB1243B3F5805FB8EEC00A20EE3F
:10C4A000010A9FED0C1A20EE010A80ED010A89793C
:10C4B000817203DD4169013905E000BF13F5805F3A
:10C4C000416901DA01314161028A0CEB4131891A7B
:10C4D000816180BD00008038F6F732FFFBF758FD20
:10C4E000FAF78EFEFAF7F8FDFAF712FEFAF7F0FE09
:10C4F000FAF72AFFFAF748FEFAF762FFFAF7A0FF09
:10C50000FAF7DEFF40F600044FF40051C5F60204CE
:10C5100001222046F6F7F4FE4FF480410122204626
:10C52000F6F7EEFE4FF4004101222046F6F7E8FE52
:10C5300040F6B830F5F700FC41F648300021C2F271
:10C54000004004220024FFF74FF941F6E8350021AE
:10C55000C2F2004504222846FFF746F9FFF7D4F857
:10C56000FFF73EFDFFF780FB40F2601B0020C2F2A8
:10C57000004B42F25C36C4F230200021CBE90304C8
:10C580004FF07E50CBF81C000020C2F2004640F273
:10C59000000A41F64838CBF81440C4F21031CBF809
:10C5A0001840C4F24820CBE90810CBE90A444CF605
:10C5B000CD40CBF8304044F20001ABF83C40CBF822
:10C5C000404006F5887906F54C7406F58867C2F296
:10C5D000004AC2F20048C3F6CC50C4F21C61CBE959
:10C5E0000D0100BF9BF800000428FBD8DFE800F035
:10C5F000187A5C6C040000BF41F2D4610022284626
:10C60000C2F20041FFF718FB4FF4FA70F5F794FB04
:10C6100001208BF8010005208BF80000E2E700BF45
:10C6200040463146FFF740FC40464946FFF73CFC98
:10C6300028462146FFF738FC28463946FFF734FCE8
:10C640009AF8000050B39BF8020000281CBF9AF82B
:10C650000100002822D09AF80200F8B16420F5F712
:10C660006BFB306A3064D6F83001C6F85001D6F85A
:10C670005003C6F87003D6F86004C6F8800442F28E
:10C68000B810C2F20040F9F7BFFC42F26C10C2F2DF
:10C690000040F9F7B9FC01208BF800004FF4FA7064
:10C6A000F5F74AFB9EE700BF40F2A410C2F200403B
:10C6B0008078102896D1F6F72BFECBF804000320E3
:10C6C0008BF800008EE700BFF6F722FEDBF80410BF
:10C6D000401AB0F5FA6F7FF685AF04208BF80000A2
:10C6E00080E700BF40F20C10C2F200400068002852
:10C6F0003FF478AFF6F70CFE40F20C11C2F20041A5
:10C700000968401A31283FF66DAF02208BF800000F
:10C7100068E700000000000080B590F85820002A6B
:10C7200000F01F818A78332A18BF80BDCA78512A49
:10C7300000F21781D1F804C00FF20A014FF0020E87
:10C740005C23DFE812F00A015300C9009F00B70024
:10C75000C500E100E5008B00E9009700BB00AF00D9
:10C760008300D900DD00F500F1007700B300FF0081
:10C770007F00AB008F00CD0087006D0003019B00A0
:10C78000A300D500A7005D007B00ED000701690054
:10C790000E010E010E010E010E010E010E010E0121
:10C7A0000E010E010E010E010E01D10065006100A7
:10C7B0009300BF00F9000E010E010E010E010E01E3
:10C7C0000E010E010E010E010E010E010E010E01F1
:10C7D0000E010E010E010E010E010E010E010E01E1
:10C7E0000E010E010E015700710000BF4FF0030E45
:10C7F0006023B2E04FF02D0E4FF48473ADE000BF24
:10C800004FF0220EDC23A8E04FF0290EF823A4E01D
:10C810004FF0280EF423A0E04FF0260EEC239CE00E
:10C820004FF01C0EC42398E04FF0000E4FF48673B7
:10C8300093E000BF4FF0140EA4238EE04FF0230EC0
:10C84000E0238AE04FF0170EB02386E04FF00F0E82
:10C85000902382E04FF01B0EC0237EE04FF00A0EC3
:10C860007C237AE04FF0190EB82376E04FF02A0EC1
:10C87000FC2372E04FF00C0E84236EE04FF01E0E8E
:10C88000CC236AE04FF0050E682366E04FF01F0EE0
:10C89000D02362E04FF0210ED8235EE04FF0180E57
:10C8A000B4235AE04FF00E0E8C2356E04FF0150ED5
:10C8B000A82352E04FF0060E6C234EE04FF00D0E11
:10C8C00088234AE04FF02B0E4FF4807345E000BF01
:10C8D0004FF0070E702340E04FF0040E64233CE05D
:10C8E0004FF01A0EBC2338E04FF0270EF02334E04F
:10C8F0004FF0200ED42330E04FF0100E94232CE0A4
:10C900004FF0110E982328E04FF0080E742324E016
:10C910004FF0090E782320E04FF00B0E80231CE02F
:10C920004FF0240EE42318E04FF0130EA02314E080
:10C930004FF0120E9C2310E04FF02C0E4FF4827338
:10C940000BE000BF4FF0160EAC2306E04FF01D0EBB
:10C95000C82302E04FF0250EE82340F803C080F81A
:10C9600058E080BD0000000080B582B093B28DF821
:10C9700001201B0A8DF800308DF802308DF804304C
:10C980008DF8063008238DF803208DF805208DF8EA
:10C9900007206A46FFF7C8FC02B080BD02E008C865
:10C9A000121F08C1002AFAD170477047002001E029
:10C9B00001C1121F002AFBD17047000000000000D7
:10C9C0000000000000000000000000000000000067
:10C9D000010000000200000003000000040000004D
:10C9E0000000000005000000000000000000000042
:10C9F0000000000006000000000000000000000031
:10CA0000000000000700000000040810204001049E
:10CA1000081020400000000001020304010203048A
:10CA200006070809010002000400060008000A00C9
:10CA30000C001000200040008000000100010203F3
:10CA400004050607080C10141820304001010103EA
:10CA500007010000080402040801010180CA00085F
:10CA600000000024080100009CC9000888CB0008D1
:10CA70000801002428320000ACC9000800000000B2
:10CA80000101010001000000100000000090D0032F
:10CA90000090D00381940008B9940008C99400085C
:10CAA000F994000829950008599400089194000809
:10CAB0000000000001000000798F0008C98D000807
:10CAC000D190000800000000298E0008118D000898
:10CAD000898D000800000000000000000000000038
:10CAE000C98E0008718E0008218F0008618E000831
:10CAF00009024300020100C03209040000010202E1
:10CB00000100052400100105240100010424020293
:10CB1000052406000107058203080010090401002E
:10CB2000020A00000007050102400000070581021B
:10CB3000400000000A060002000000400100000062
:10CB40001201000202020040830440570002010269
:10CB500003010000510400084904000841040008D2
:10CB600081040008A9040008040309041A03000052
:10CB700000000000000000000000000000000000B5
:08CB80000000000000000100AC
:04000005080002CD20
:00000001FF
